#
# A fatal error has been detected by the Java Runtime Environment:
#
#  SIGABRT (0x6) at pc=0x00007ff9cf49eb2c (sent by kill), pid=6118, tid=6119
#
# JRE version: OpenJDK Runtime Environment JBR-21.0.3+13-509.4-jcef (21.0.3+13) (build 21.0.3+13-b509.4)
# Java VM: OpenJDK 64-Bit Server VM JBR-21.0.3+13-509.4-jcef (21.0.3+13-b509.4, mixed mode, tiered, compressed oops, compressed class ptrs, g1 gc, linux-amd64)
# Problematic frame:
# C  [libc.so.6+0x9eb2c]  pthread_kill+0x11c
#
# Core dump will be written. Default location: Core dumps may be processed with "/usr/share/apport/apport -p%p -s%s -c%c -d%d -P%P -u%u -g%g -- %E" (or dumping to /home/atom/www/CheckExamFile/core.6118)
#
# If you would like to submit a bug report, please visit:
#   https://youtrack.jetbrains.com/issues/JBR
#

---------------  S U M M A R Y ------------

Command Line: abort vfprintf -XX:ErrorFile=/home/atom/java_error_in_phpstorm_%p.log -XX:HeapDumpPath=/home/atom/java_error_in_phpstorm.hprof -Xms128m -Xmx2048m -XX:+HeapDumpOnOutOfMemoryError -XX:-OmitStackTraceInFastThrow -XX:+IgnoreUnrecognizedVMOptions -ea -Dsun.io.useCanonCaches=false -Dsun.java2d.metal=true -Djbr.catch.SIGABRT=true -Djdk.http.auth.tunneling.disabledSchemes="" -Djdk.attach.allowAttachSelf=true -Djdk.module.illegalAccess.silent=true -Dkotlinx.coroutines.debug=off -XX:CICompilerCount=2 -XX:ReservedCodeCacheSize=512m -XX:+UnlockDiagnosticVMOptions -XX:TieredOldPercentage=100000 -Dsun.tools.attach.tmp.only=true -Dawt.lock.fair=true -javaagent:/home/atom/.local/share/ja-netfilter/ja-netfilter.jar=jetbrains --add-opens=java.base/jdk.internal.org.objectweb.asm=ALL-UNNAMED --add-opens=java.base/jdk.internal.org.objectweb.asm.tree=ALL-UNNAMED -Xms128m -Xmx1024m -XX:ReservedCodeCacheSize=512m -XX:+IgnoreUnrecognizedVMOptions -XX:+UseG1GC -XX:SoftRefLRUPolicyMSPerMB=50 -XX:CICompilerCount=2 -XX:+HeapDumpOnOutOfMemoryError -XX:-OmitStackTraceInFastThrow -ea -Dsun.io.useCanonCaches=false -Djdk.http.auth.tunneling.disabledSchemes="" -Djdk.attach.allowAttachSelf=true -Djdk.module.illegalAccess.silent=true -Dkotlinx.coroutines.debug=off -XX:ErrorFile=$USER_HOME/java_error_in_idea_%p.log -XX:HeapDumpPath=$USER_HOME/java_error_in_idea.hprof --add-opens=java.base/jdk.internal.org.objectweb.asm=ALL-UNNAMED --add-opens=java.base/jdk.internal.org.objectweb.asm.tree=ALL-UNNAMED -javaagent:/home/atom/.local/share/ja-netfilter/ja-netfilter.jar=jetbrains -Djb.vmOptionsFile=/home/atom/.local/share/ja-netfilter/vmoptions/phpstorm.vmoptions -Djava.system.class.loader=com.intellij.util.lang.PathClassLoader -Didea.vendor.name=JetBrains -Didea.paths.selector=PhpStorm2024.2 -Djna.boot.library.path=/home/atom/.local/share/phpstorm/lib/jna/amd64 -Dpty4j.preferred.native.folder=/home/atom/.local/share/phpstorm/lib/pty4j -Djna.nosys=true -Djna.noclasspath=true -Dintellij.platform.runtime.repository.path=/home/atom/.local/share/phpstorm/modules/module-descriptors.jar -Didea.platform.prefix=PhpStorm -Dide.show.tips.on.startup.default.value=true -Dsplash=true -Daether.connector.resumeDownloads=false --add-opens=java.base/java.io=ALL-UNNAMED --add-opens=java.base/java.lang=ALL-UNNAMED --add-opens=java.base/java.lang.ref=ALL-UNNAMED --add-opens=java.base/java.lang.reflect=ALL-UNNAMED --add-opens=java.base/java.net=ALL-UNNAMED --add-opens=java.base/java.nio=ALL-UNNAMED --add-opens=java.base/java.nio.charset=ALL-UNNAMED --add-opens=java.base/java.text=ALL-UNNAMED --add-opens=java.base/java.time=ALL-UNNAMED --add-opens=java.base/java.util=ALL-UNNAMED --add-opens=java.base/java.util.concurrent=ALL-UNNAMED --add-opens=java.base/java.util.concurrent.atomic=ALL-UNNAMED --add-opens=java.base/java.util.concurrent.locks=ALL-UNNAMED --add-opens=java.base/jdk.internal.vm=ALL-UNNAMED --add-opens=java.base/sun.net.dns=ALL-UNNAMED --add-opens=java.base/sun.nio.ch=ALL-UNNAMED --add-opens=java.base/sun.nio.fs=ALL-UNNAMED --add-opens=java.base/sun.security.ssl=ALL-UNNAMED --add-opens=java.base/sun.security.util=ALL-UNNAMED --add-opens=java.desktop/com.sun.java.swing=ALL-UNNAMED --add-opens=java.desktop/com.sun.java.swing.plaf.gtk=ALL-UNNAMED --add-opens=java.desktop/java.awt=ALL-UNNAMED --add-opens=java.desktop/java.awt.dnd.peer=ALL-UNNAMED --add-opens=java.desktop/java.awt.event=ALL-UNNAMED --add-opens=java.desktop/java.awt.font=ALL-UNNAMED --add-opens=java.desktop/java.awt.image=ALL-UNNAMED --add-opens=java.desktop/java.awt.peer=ALL-UNNAMED --add-opens=java.desktop/javax.swing=ALL-UNNAMED --add-opens=java.desktop/javax.swing.plaf.basic=ALL-UNNAMED --add-opens=java.desktop/javax.swing.text=ALL-UNNAMED --add-opens=java.desktop/javax.swing.text.html=ALL-UNNAMED --add-opens=java.desktop/sun.awt=ALL-UNNAMED --add-opens=java.desktop/sun.awt.X11=ALL-UNNAMED --add-opens=java.desktop/sun.awt.datatransfer=ALL-UNNAMED --add-opens=java.desktop/sun.awt.image=ALL-UNNAMED --add-opens=java.desktop/sun.font=ALL-UNNAMED --add-opens=java.desktop/sun.java2d=ALL-UNNAMED --add-opens=java.desktop/sun.swing=ALL-UNNAMED --add-opens=java.management/sun.management=ALL-UNNAMED --add-opens=jdk.attach/sun.tools.attach=ALL-UNNAMED --add-opens=jdk.compiler/com.sun.tools.javac.api=ALL-UNNAMED --add-opens=jdk.internal.jvmstat/sun.jvmstat.monitor=ALL-UNNAMED --add-opens=jdk.jdi/com.sun.tools.jdi=ALL-UNNAMED -Dide.native.launcher=true com.intellij.idea.Main .

Host: Intel(R) Core(TM) i5-8500 CPU @ 3.00GHz, 6 cores, 15G, Ubuntu 24.04.2 LTS
Time: Sun Apr 27 15:59:18 2025 +0330 elapsed time: 62.397161 seconds (0d 0h 1m 2s)

---------------  T H R E A D  ---------------

Current thread (0x0000600a81b2cc40):  JavaThread "main"             [_thread_in_vm, id=6119, stack(0x00007ff9cf200000,0x00007ff9cf400000) (2048K)]

Stack: [0x00007ff9cf200000,0x00007ff9cf400000],  sp=0x00007ff9cf3fe550,  free space=2041k
Native frames: (J=compiled Java code, j=interpreted, Vv=VM code, C=native code)
C  [libc.so.6+0x9eb2c]  pthread_kill+0x11c
C  [libc.so.6+0x4527e]  gsignal+0x1e
C  [libc.so.6+0x288ff]  abort+0xdf
V  [libjvm.so+0x2995ad]
V  [libjvm.so+0xcf49d7]
V  [libjvm.so+0x9a68be]  jni_FatalError+0x7e
V  [libjvm.so+0xb19934]  JvmtiExport::post_vm_initialized()+0x3b4
V  [libjvm.so+0xf8041e]  Threads::create_vm(JavaVMInitArgs*, bool*)+0x8ae
V  [libjvm.so+0x9a892e]  JNI_CreateJavaVM+0x4e

siginfo: si_signo: 6 (SIGABRT), si_code: -6 (SI_TKILL), si_pid: 6118 (current process), si_uid: 1000

Registers:
RAX=0x0000000000000000, RBX=0x00000000000017e7, RCX=0x00007ff9cf49eb2c, RDX=0x0000000000000006
RSP=0x00007ff9cf3fe550, RBP=0x00007ff9cf3fe590, RSI=0x00000000000017e7, RDI=0x00000000000017e6
R8 =0x0000600a81add190, R9 =0x0000000000000000, R10=0x0000000000000008, R11=0x0000000000000246
R12=0x0000000000000006, R13=0x00007ff9cf722758, R14=0x0000000000000016, R15=0x0000000000000000
RIP=0x00007ff9cf49eb2c, EFLAGS=0x0000000000000246, CSGSFS=0x002b000000000033, ERR=0x0000000000000000
  TRAPNO=0x000000000000000d


Register to memory mapping:

RAX=0x0 is null
RBX=0x00000000000017e7 is an unknown value
RCX=0x00007ff9cf49eb2c: pthread_kill+0x000000000000011c in /lib/x86_64-linux-gnu/libc.so.6 at 0x00007ff9cf400000
RDX=0x0000000000000006 is an unknown value
RSP=0x00007ff9cf3fe550 is pointing into the stack for thread: 0x0000600a81b2cc40
RBP=0x00007ff9cf3fe590 is pointing into the stack for thread: 0x0000600a81b2cc40
RSI=0x00000000000017e7 is an unknown value
RDI=0x00000000000017e6 is an unknown value
R8 =0x0000600a81add190 points into unknown readable memory: 0x0005000500060006 | 06 00 06 00 05 00 05 00
R9 =0x0 is null
R10=0x0000000000000008 is an unknown value
R11=0x0000000000000246 is an unknown value
R12=0x0000000000000006 is an unknown value
R13=0x00007ff9cf722758: <offset 0x0000000000008758> in /home/atom/.local/share/phpstorm/jbr/lib/libinstrument.so at 0x00007ff9cf71a000
R14=0x0000000000000016 is an unknown value
R15=0x0 is null

Top of Stack: (sp=0x00007ff9cf3fe550)
0x00007ff9cf3fe550:   0000600a82819090 ab4dc17e926fd900
0x00007ff9cf3fe560:   0000000000000000 0000000000000006
0x00007ff9cf3fe570:   00007ff9cf3ff6c0 00007ff9cf722758
0x00007ff9cf3fe580:   00007ff9cf3fe758 0000000000000000
0x00007ff9cf3fe590:   00007ff9cf3fe5b0 00007ff9cf44527e
0x00007ff9cf3fe5a0:   00007ff9cf3fe500 00007ff9cf604b50
0x00007ff9cf3fe5b0:   00007ff9cf3fe670 00007ff9cf4288ff
0x00007ff9cf3fe5c0:   0000000000000020 0000600a82092270
0x00007ff9cf3fe5d0:   00000000000001aa 0000000000000000
0x00007ff9cf3fe5e0:   0000600a49abb070 00007ff9cf602000
0x00007ff9cf3fe5f0:   0000000000000001 0000000000000001
0x00007ff9cf3fe600:   0000000000000000 0000000000000000
0x00007ff9cf3fe610:   0000000000000000 00007ff9ce21f080
0x00007ff9cf3fe620:   00007ff9cf3fe640 00007ff9cf1e399d
0x00007ff9cf3fe630:   0000000000000000 0000600a81b2cc40
0x00007ff9cf3fe640:   00007ff9cf3fe670 00007ff9ce21f987
0x00007ff9cf3fe650:   0000000000000001 ab4dc17e926fd900
0x00007ff9cf3fe660:   0000000000000001 0000600a81b2cc40
0x00007ff9cf3fe670:   00007ff9cf3fe690 00007ff9cde995ad
0x00007ff9cf3fe680:   0000600a81b2cc40 0000600a81b2cc40
0x00007ff9cf3fe690:   00007ff9cf3fe6a0 00007ff9ce8f49d7
0x00007ff9cf3fe6a0:   00007ff9cf3fe6f0 00007ff9ce5a68be
0x00007ff9cf3fe6b0:   0000600a81b2cc40 0000000000000000
0x00007ff9cf3fe6c0:   0000600a81b2cc40 0000000000000000
0x00007ff9cf3fe6d0:   0000600a81b2cc40 0000600a81b2cc40
0x00007ff9cf3fe6e0:   0000600a81ae5880 00007ff9cf71e0b0
0x00007ff9cf3fe6f0:   00007ff9cf3fe7c0 00007ff9ce719934
0x00007ff9cf3fe700:   0000000000000000 0100000000000000
0x00007ff9cf3fe710:   0000600a81b2cff8 0000600a81c570a0
0x00007ff9cf3fe720:   0000000100043558 0000600a81b1eca0
0x00007ff9cf3fe730:   0000600a81b2d350 0000600a81b2d360
0x00007ff9cf3fe740:   0000600a81b2d738 00000000000003d8 

Instructions: (pc=0x00007ff9cf49eb2c)
0x00007ff9cf49ea2c:   ec 18 64 48 8b 04 25 28 00 00 00 48 89 45 c8 31
0x00007ff9cf49ea3c:   c0 83 fa 01 76 7e 48 89 fb 41 89 f4 64 48 3b 3c
0x00007ff9cf49ea4c:   25 10 00 00 00 0f 84 b9 00 00 00 4c 8d 7d c0 41
0x00007ff9cf49ea5c:   ba 08 00 00 00 31 ff b8 0e 00 00 00 4c 89 fa 48
0x00007ff9cf49ea6c:   8d 35 be 73 13 00 0f 05 31 c0 4c 8d ab 04 09 00
0x00007ff9cf49ea7c:   00 ba 01 00 00 00 f0 41 0f b1 55 00 0f 85 ba 00
0x00007ff9cf49ea8c:   00 00 80 bb 01 09 00 00 00 74 51 45 31 f6 31 d2
0x00007ff9cf49ea9c:   41 87 55 00 83 fa 01 0f 8f af 00 00 00 41 ba 08
0x00007ff9cf49eaac:   00 00 00 31 d2 4c 89 fe bf 02 00 00 00 b8 0e 00
0x00007ff9cf49eabc:   00 00 0f 05 48 8b 45 c8 64 48 2b 04 25 28 00 00
0x00007ff9cf49eacc:   00 0f 85 92 00 00 00 48 83 c4 18 44 89 f0 5b 41
0x00007ff9cf49eadc:   5c 41 5d 41 5e 41 5f 5d c3 0f 1f 00 8b 9b d0 02
0x00007ff9cf49eaec:   00 00 e8 9d 6f 05 00 44 89 e2 89 c7 89 de b8 ea
0x00007ff9cf49eafc:   00 00 00 0f 05 3d 00 f0 ff ff 76 8f 41 89 c6 41
0x00007ff9cf49eb0c:   f7 de eb 8a b8 ba 00 00 00 0f 05 89 c3 e8 72 6f
0x00007ff9cf49eb1c:   05 00 44 89 e2 89 de 89 c7 b8 ea 00 00 00 0f 05
0x00007ff9cf49eb2c:   41 89 c6 41 f7 de 3d 00 f0 ff ff b8 00 00 00 00
0x00007ff9cf49eb3c:   44 0f 46 f0 e9 7b ff ff ff 0f 1f 00 4c 89 ef e8
0x00007ff9cf49eb4c:   90 a3 ff ff e9 39 ff ff ff 0f 1f 00 4c 89 ef e8
0x00007ff9cf49eb5c:   40 a4 ff ff e9 44 ff ff ff e8 26 93 09 00 66 0f
0x00007ff9cf49eb6c:   1f 44 00 00 f3 0f 1e fa c3 66 2e 0f 1f 84 00 00
0x00007ff9cf49eb7c:   00 00 00 90 55 48 89 e5 41 57 41 56 41 55 41 54
0x00007ff9cf49eb8c:   53 48 89 fb 48 83 ec 28 64 48 8b 04 25 28 00 00
0x00007ff9cf49eb9c:   00 48 89 45 c8 31 c0 64 44 8b 14 25 d0 02 00 00
0x00007ff9cf49ebac:   8b 57 10 4c 8d 6f 10 89 d0 83 e0 7f 83 f8 33 0f
0x00007ff9cf49ebbc:   87 df 00 00 00 83 f8 2f 0f 87 f1 01 00 00 83 f8
0x00007ff9cf49ebcc:   13 0f 87 d6 01 00 00 83 e2 70 0f 84 d5 01 00 00
0x00007ff9cf49ebdc:   4c 8d 4f 20 64 4c 89 0c 25 f0 02 00 00 45 89 d0
0x00007ff9cf49ebec:   8b 17 45 89 d4 41 81 c8 00 00 00 80 85 d2 0f 85
0x00007ff9cf49ebfc:   17 03 00 00 89 d0 f0 44 0f b1 03 89 c2 85 c0 0f
0x00007ff9cf49ec0c:   85 06 03 00 00 81 7b 08 fe ff ff 7f 45 89 e2 0f
0x00007ff9cf49ec1c:   84 bb 04 00 00 c7 43 04 01 00 00 00 64 48 8b 04 


Stack slot to memory mapping:

stack at sp + 0 slots: 0x0000600a82819090 points into unknown readable memory: 0x0000600c8229be99 | 99 be 29 82 0c 60 00 00
stack at sp + 1 slots: 0xab4dc17e926fd900 is an unknown value
stack at sp + 2 slots: 0x0 is null
stack at sp + 3 slots: 0x0000000000000006 is an unknown value
stack at sp + 4 slots: 0x00007ff9cf3ff6c0 is pointing into the stack for thread: 0x0000600a81b2cc40
stack at sp + 5 slots: 0x00007ff9cf722758: <offset 0x0000000000008758> in /home/atom/.local/share/phpstorm/jbr/lib/libinstrument.so at 0x00007ff9cf71a000
stack at sp + 6 slots: 0x00007ff9cf3fe758 is pointing into the stack for thread: 0x0000600a81b2cc40
stack at sp + 7 slots: 0x0 is null


---------------  P R O C E S S  ---------------

Threads class SMR info:
_java_thread_list=0x0000600a81e56870, length=9, elements={
0x0000600a81b2cc40, 0x0000600a81ce1b80, 0x0000600a81ce3260, 0x0000600a81ce5140,
0x0000600a81ce7560, 0x0000600a81ce9100, 0x0000600a81ceae60, 0x0000600a81cecad0,
0x0000600a81e555a0
}

Java Threads: ( => current thread )
=>0x0000600a81b2cc40 JavaThread "main"                              [_thread_in_vm, id=6119, stack(0x00007ff9cf200000,0x00007ff9cf400000) (2048K)]
  0x0000600a81ce1b80 JavaThread "Reference Handler"          daemon [_thread_blocked, id=6127, stack(0x00007ff9a4ddc000,0x00007ff9a4edc000) (1024K)]
  0x0000600a81ce3260 JavaThread "Finalizer"                  daemon [_thread_blocked, id=6128, stack(0x00007ff9a4700000,0x00007ff9a4800000) (1024K)]
  0x0000600a81ce5140 JavaThread "Signal Dispatcher"          daemon [_thread_blocked, id=6129, stack(0x00007ff9a4600000,0x00007ff9a4700000) (1024K)]
  0x0000600a81ce7560 JavaThread "Service Thread"             daemon [_thread_blocked, id=6130, stack(0x00007ff9a4500000,0x00007ff9a4600000) (1024K)]
  0x0000600a81ce9100 JavaThread "Monitor Deflation Thread"   daemon [_thread_blocked, id=6131, stack(0x00007ff9a4400000,0x00007ff9a4500000) (1024K)]
  0x0000600a81ceae60 JavaThread "C2 CompilerThread0"         daemon [_thread_blocked, id=6132, stack(0x00007ff9a4300000,0x00007ff9a4400000) (1024K)]
  0x0000600a81cecad0 JavaThread "C1 CompilerThread0"         daemon [_thread_blocked, id=6133, stack(0x00007ff9a4200000,0x00007ff9a4300000) (1024K)]
  0x0000600a81e555a0 JavaThread "Common-Cleaner"             daemon [_thread_blocked, id=6134, stack(0x00007ff9a4100000,0x00007ff9a4200000) (1024K)]
Total: 9

Other Threads:
  0x0000600a81c55020 VMThread "VM Thread"                           [id=6126, stack(0x00007ff9a4edd000,0x00007ff9a4fdd000) (1024K)] _threads_hazard_ptr=0x0000600a81e56870
  0x0000600a81c07d40 WatcherThread "VM Periodic Task Thread"        [id=6125, stack(0x00007ff9a4fde000,0x00007ff9a50de000) (1024K)]
  0x0000600a81b66ce0 WorkerThread "GC Thread#0"                     [id=6120, stack(0x00007ff9a7d00000,0x00007ff9a7e00000) (1024K)]
  0x0000600a82e9fdc0 WorkerThread "GC Thread#1"                     [id=6135, stack(0x00007ff98cb00000,0x00007ff98cc00000) (1024K)]
  0x0000600a82ea0ca0 WorkerThread "GC Thread#2"                     [id=6136, stack(0x00007ff988500000,0x00007ff988600000) (1024K)]
  0x0000600a82f28290 WorkerThread "GC Thread#3"                     [id=6137, stack(0x00007ff982100000,0x00007ff982200000) (1024K)]
  0x0000600a82f29610 WorkerThread "GC Thread#4"                     [id=6138, stack(0x00007ff980700000,0x00007ff980800000) (1024K)]
  0x0000600a82f2aa20 WorkerThread "GC Thread#5"                     [id=6139, stack(0x00007ff980100000,0x00007ff980200000) (1024K)]
  0x0000600a81b707b0 ConcurrentGCThread "G1 Main Marker"            [id=6121, stack(0x00007ff9a7bff000,0x00007ff9a7cff000) (1024K)]
  0x0000600a81b71c20 WorkerThread "G1 Conc#0"                       [id=6122, stack(0x00007ff9a7afe000,0x00007ff9a7bfe000) (1024K)]
  0x0000600a81bf7830 ConcurrentGCThread "G1 Refine#0"               [id=6123, stack(0x00007ff9a52fa000,0x00007ff9a53fa000) (1024K)]
  0x0000600a81bf8cb0 ConcurrentGCThread "G1 Service"                [id=6124, stack(0x00007ff9a51f9000,0x00007ff9a52f9000) (1024K)]
Total: 12

Threads with active compile tasks:
Total: 0

VM state: synchronizing (normal execution)

VM Mutex/Monitor currently owned by a thread:  ([mutex/lock_event])
[0x00007ff9cf1240a0] Threads_lock - owner thread: 0x0000600a81c55020

Heap address: 0x00000000c0000000, size: 1024 MB, Compressed Oops mode: 32-bit

CDS archive(s) not mapped
Compressed class space mapped at: 0x0000000100000000-0x0000000140000000, reserved size: 1073741824
Narrow klass base: 0x0000000000000000, Narrow klass shift: 3, Narrow klass range: 0x140000000

GC Precious Log:
 CardTable entry size: 512
 Card Set container configuration: InlinePtr #cards 5 size 8 Array Of Cards #cards 12 size 40 Howl #buckets 4 coarsen threshold 1843 Howl Bitmap #cards 512 size 80 coarsen threshold 460 Card regions per heap region 1 cards per card region 2048
 CPUs: 6 total, 6 available
 Memory: 15773M
 Large Page Support: Disabled
 NUMA Support: Disabled
 Compressed Oops: Enabled (32-bit)
 Heap Region Size: 1M
 Heap Min Capacity: 128M
 Heap Initial Capacity: 128M
 Heap Max Capacity: 1G
 Pre-touch: Disabled
 Parallel Workers: 6
 Concurrent Workers: 2
 Concurrent Refinement Workers: 6
 Periodic GC: Disabled

Heap:
 garbage-first heap   total 131072K, used 15616K [0x00000000c0000000, 0x0000000100000000)
  region size 1024K, 7 young (7168K), 3 survivors (3072K)
 Metaspace       used 13995K, committed 14272K, reserved 1114112K
  class space    used 1275K, committed 1408K, reserved 1048576K

Heap Regions: E=young(eden), S=young(survivor), O=old, HS=humongous(starts), HC=humongous(continues), CS=collection set, F=free, TAMS=top-at-mark-start, PB=parsable bottom
|   0|0x00000000c0000000, 0x00000000c0100000, 0x00000000c0100000|100%|HS|  |TAMS 0x00000000c0000000| PB 0x00000000c0000000| Complete 
|   1|0x00000000c0100000, 0x00000000c0200000, 0x00000000c0200000|100%|HS|  |TAMS 0x00000000c0100000| PB 0x00000000c0100000| Complete 
|   2|0x00000000c0200000, 0x00000000c0200000, 0x00000000c0300000|  0%| F|  |TAMS 0x00000000c0200000| PB 0x00000000c0200000| Untracked 
|   3|0x00000000c0300000, 0x00000000c0400000, 0x00000000c0400000|100%|HS|  |TAMS 0x00000000c0300000| PB 0x00000000c0300000| Complete 
|   4|0x00000000c0400000, 0x00000000c0500000, 0x00000000c0500000|100%|HC|  |TAMS 0x00000000c0400000| PB 0x00000000c0400000| Complete 
|   5|0x00000000c0500000, 0x00000000c0600000, 0x00000000c0600000|100%|HS|  |TAMS 0x00000000c0500000| PB 0x00000000c0500000| Complete 
|   6|0x00000000c0600000, 0x00000000c0700000, 0x00000000c0700000|100%|HC|  |TAMS 0x00000000c0600000| PB 0x00000000c0600000| Complete 
|   7|0x00000000c0700000, 0x00000000c0800000, 0x00000000c0800000|100%|HS|  |TAMS 0x00000000c0700000| PB 0x00000000c0700000| Complete 
|   8|0x00000000c0800000, 0x00000000c0900000, 0x00000000c0900000|100%|HS|  |TAMS 0x00000000c0800000| PB 0x00000000c0800000| Complete 
|   9|0x00000000c0900000, 0x00000000c0a00000, 0x00000000c0a00000|100%| O|  |TAMS 0x00000000c0900000| PB 0x00000000c0900000| Untracked 
|  10|0x00000000c0a00000, 0x00000000c0a40048, 0x00000000c0b00000| 25%| O|  |TAMS 0x00000000c0a00000| PB 0x00000000c0a00000| Untracked 
|  11|0x00000000c0b00000, 0x00000000c0b00000, 0x00000000c0c00000|  0%| F|  |TAMS 0x00000000c0b00000| PB 0x00000000c0b00000| Untracked 
|  12|0x00000000c0c00000, 0x00000000c0c00000, 0x00000000c0d00000|  0%| F|  |TAMS 0x00000000c0c00000| PB 0x00000000c0c00000| Untracked 
|  13|0x00000000c0d00000, 0x00000000c0d00000, 0x00000000c0e00000|  0%| F|  |TAMS 0x00000000c0d00000| PB 0x00000000c0d00000| Untracked 
|  14|0x00000000c0e00000, 0x00000000c0e00000, 0x00000000c0f00000|  0%| F|  |TAMS 0x00000000c0e00000| PB 0x00000000c0e00000| Untracked 
|  15|0x00000000c0f00000, 0x00000000c0f00000, 0x00000000c1000000|  0%| F|  |TAMS 0x00000000c0f00000| PB 0x00000000c0f00000| Untracked 
|  16|0x00000000c1000000, 0x00000000c1000000, 0x00000000c1100000|  0%| F|  |TAMS 0x00000000c1000000| PB 0x00000000c1000000| Untracked 
|  17|0x00000000c1100000, 0x00000000c1100000, 0x00000000c1200000|  0%| F|  |TAMS 0x00000000c1100000| PB 0x00000000c1100000| Untracked 
|  18|0x00000000c1200000, 0x00000000c1200000, 0x00000000c1300000|  0%| F|  |TAMS 0x00000000c1200000| PB 0x00000000c1200000| Untracked 
|  19|0x00000000c1300000, 0x00000000c1300000, 0x00000000c1400000|  0%| F|  |TAMS 0x00000000c1300000| PB 0x00000000c1300000| Untracked 
|  20|0x00000000c1400000, 0x00000000c1400000, 0x00000000c1500000|  0%| F|  |TAMS 0x00000000c1400000| PB 0x00000000c1400000| Untracked 
|  21|0x00000000c1500000, 0x00000000c1500000, 0x00000000c1600000|  0%| F|  |TAMS 0x00000000c1500000| PB 0x00000000c1500000| Untracked 
|  22|0x00000000c1600000, 0x00000000c1600000, 0x00000000c1700000|  0%| F|  |TAMS 0x00000000c1600000| PB 0x00000000c1600000| Untracked 
|  23|0x00000000c1700000, 0x00000000c1700000, 0x00000000c1800000|  0%| F|  |TAMS 0x00000000c1700000| PB 0x00000000c1700000| Untracked 
|  24|0x00000000c1800000, 0x00000000c1800000, 0x00000000c1900000|  0%| F|  |TAMS 0x00000000c1800000| PB 0x00000000c1800000| Untracked 
|  25|0x00000000c1900000, 0x00000000c1900000, 0x00000000c1a00000|  0%| F|  |TAMS 0x00000000c1900000| PB 0x00000000c1900000| Untracked 
|  26|0x00000000c1a00000, 0x00000000c1a00000, 0x00000000c1b00000|  0%| F|  |TAMS 0x00000000c1a00000| PB 0x00000000c1a00000| Untracked 
|  27|0x00000000c1b00000, 0x00000000c1b00000, 0x00000000c1c00000|  0%| F|  |TAMS 0x00000000c1b00000| PB 0x00000000c1b00000| Untracked 
|  28|0x00000000c1c00000, 0x00000000c1c00000, 0x00000000c1d00000|  0%| F|  |TAMS 0x00000000c1c00000| PB 0x00000000c1c00000| Untracked 
|  29|0x00000000c1d00000, 0x00000000c1d00000, 0x00000000c1e00000|  0%| F|  |TAMS 0x00000000c1d00000| PB 0x00000000c1d00000| Untracked 
|  30|0x00000000c1e00000, 0x00000000c1e00000, 0x00000000c1f00000|  0%| F|  |TAMS 0x00000000c1e00000| PB 0x00000000c1e00000| Untracked 
|  31|0x00000000c1f00000, 0x00000000c1f00000, 0x00000000c2000000|  0%| F|  |TAMS 0x00000000c1f00000| PB 0x00000000c1f00000| Untracked 
|  32|0x00000000c2000000, 0x00000000c2000000, 0x00000000c2100000|  0%| F|  |TAMS 0x00000000c2000000| PB 0x00000000c2000000| Untracked 
|  33|0x00000000c2100000, 0x00000000c2100000, 0x00000000c2200000|  0%| F|  |TAMS 0x00000000c2100000| PB 0x00000000c2100000| Untracked 
|  34|0x00000000c2200000, 0x00000000c2200000, 0x00000000c2300000|  0%| F|  |TAMS 0x00000000c2200000| PB 0x00000000c2200000| Untracked 
|  35|0x00000000c2300000, 0x00000000c2300000, 0x00000000c2400000|  0%| F|  |TAMS 0x00000000c2300000| PB 0x00000000c2300000| Untracked 
|  36|0x00000000c2400000, 0x00000000c2400000, 0x00000000c2500000|  0%| F|  |TAMS 0x00000000c2400000| PB 0x00000000c2400000| Untracked 
|  37|0x00000000c2500000, 0x00000000c2500000, 0x00000000c2600000|  0%| F|  |TAMS 0x00000000c2500000| PB 0x00000000c2500000| Untracked 
|  38|0x00000000c2600000, 0x00000000c2600000, 0x00000000c2700000|  0%| F|  |TAMS 0x00000000c2600000| PB 0x00000000c2600000| Untracked 
|  39|0x00000000c2700000, 0x00000000c2700000, 0x00000000c2800000|  0%| F|  |TAMS 0x00000000c2700000| PB 0x00000000c2700000| Untracked 
|  40|0x00000000c2800000, 0x00000000c2800000, 0x00000000c2900000|  0%| F|  |TAMS 0x00000000c2800000| PB 0x00000000c2800000| Untracked 
|  41|0x00000000c2900000, 0x00000000c2900000, 0x00000000c2a00000|  0%| F|  |TAMS 0x00000000c2900000| PB 0x00000000c2900000| Untracked 
|  42|0x00000000c2a00000, 0x00000000c2a00000, 0x00000000c2b00000|  0%| F|  |TAMS 0x00000000c2a00000| PB 0x00000000c2a00000| Untracked 
|  43|0x00000000c2b00000, 0x00000000c2b00000, 0x00000000c2c00000|  0%| F|  |TAMS 0x00000000c2b00000| PB 0x00000000c2b00000| Untracked 
|  44|0x00000000c2c00000, 0x00000000c2c00000, 0x00000000c2d00000|  0%| F|  |TAMS 0x00000000c2c00000| PB 0x00000000c2c00000| Untracked 
|  45|0x00000000c2d00000, 0x00000000c2d00000, 0x00000000c2e00000|  0%| F|  |TAMS 0x00000000c2d00000| PB 0x00000000c2d00000| Untracked 
|  46|0x00000000c2e00000, 0x00000000c2e00000, 0x00000000c2f00000|  0%| F|  |TAMS 0x00000000c2e00000| PB 0x00000000c2e00000| Untracked 
|  47|0x00000000c2f00000, 0x00000000c2f00000, 0x00000000c3000000|  0%| F|  |TAMS 0x00000000c2f00000| PB 0x00000000c2f00000| Untracked 
|  48|0x00000000c3000000, 0x00000000c3000000, 0x00000000c3100000|  0%| F|  |TAMS 0x00000000c3000000| PB 0x00000000c3000000| Untracked 
|  49|0x00000000c3100000, 0x00000000c3100000, 0x00000000c3200000|  0%| F|  |TAMS 0x00000000c3100000| PB 0x00000000c3100000| Untracked 
|  50|0x00000000c3200000, 0x00000000c3200000, 0x00000000c3300000|  0%| F|  |TAMS 0x00000000c3200000| PB 0x00000000c3200000| Untracked 
|  51|0x00000000c3300000, 0x00000000c3300000, 0x00000000c3400000|  0%| F|  |TAMS 0x00000000c3300000| PB 0x00000000c3300000| Untracked 
|  52|0x00000000c3400000, 0x00000000c3400000, 0x00000000c3500000|  0%| F|  |TAMS 0x00000000c3400000| PB 0x00000000c3400000| Untracked 
|  53|0x00000000c3500000, 0x00000000c3500000, 0x00000000c3600000|  0%| F|  |TAMS 0x00000000c3500000| PB 0x00000000c3500000| Untracked 
|  54|0x00000000c3600000, 0x00000000c3600000, 0x00000000c3700000|  0%| F|  |TAMS 0x00000000c3600000| PB 0x00000000c3600000| Untracked 
|  55|0x00000000c3700000, 0x00000000c3700000, 0x00000000c3800000|  0%| F|  |TAMS 0x00000000c3700000| PB 0x00000000c3700000| Untracked 
|  56|0x00000000c3800000, 0x00000000c3800000, 0x00000000c3900000|  0%| F|  |TAMS 0x00000000c3800000| PB 0x00000000c3800000| Untracked 
|  57|0x00000000c3900000, 0x00000000c3900000, 0x00000000c3a00000|  0%| F|  |TAMS 0x00000000c3900000| PB 0x00000000c3900000| Untracked 
|  58|0x00000000c3a00000, 0x00000000c3a00000, 0x00000000c3b00000|  0%| F|  |TAMS 0x00000000c3a00000| PB 0x00000000c3a00000| Untracked 
|  59|0x00000000c3b00000, 0x00000000c3b00000, 0x00000000c3c00000|  0%| F|  |TAMS 0x00000000c3b00000| PB 0x00000000c3b00000| Untracked 
|  60|0x00000000c3c00000, 0x00000000c3c00000, 0x00000000c3d00000|  0%| F|  |TAMS 0x00000000c3c00000| PB 0x00000000c3c00000| Untracked 
|  61|0x00000000c3d00000, 0x00000000c3d00000, 0x00000000c3e00000|  0%| F|  |TAMS 0x00000000c3d00000| PB 0x00000000c3d00000| Untracked 
|  62|0x00000000c3e00000, 0x00000000c3e00000, 0x00000000c3f00000|  0%| F|  |TAMS 0x00000000c3e00000| PB 0x00000000c3e00000| Untracked 
|  63|0x00000000c3f00000, 0x00000000c3f00000, 0x00000000c4000000|  0%| F|  |TAMS 0x00000000c3f00000| PB 0x00000000c3f00000| Untracked 
|  64|0x00000000c4000000, 0x00000000c4000000, 0x00000000c4100000|  0%| F|  |TAMS 0x00000000c4000000| PB 0x00000000c4000000| Untracked 
|  65|0x00000000c4100000, 0x00000000c4100000, 0x00000000c4200000|  0%| F|  |TAMS 0x00000000c4100000| PB 0x00000000c4100000| Untracked 
|  66|0x00000000c4200000, 0x00000000c4200000, 0x00000000c4300000|  0%| F|  |TAMS 0x00000000c4200000| PB 0x00000000c4200000| Untracked 
|  67|0x00000000c4300000, 0x00000000c4300000, 0x00000000c4400000|  0%| F|  |TAMS 0x00000000c4300000| PB 0x00000000c4300000| Untracked 
|  68|0x00000000c4400000, 0x00000000c4400000, 0x00000000c4500000|  0%| F|  |TAMS 0x00000000c4400000| PB 0x00000000c4400000| Untracked 
|  69|0x00000000c4500000, 0x00000000c4500000, 0x00000000c4600000|  0%| F|  |TAMS 0x00000000c4500000| PB 0x00000000c4500000| Untracked 
|  70|0x00000000c4600000, 0x00000000c4600000, 0x00000000c4700000|  0%| F|  |TAMS 0x00000000c4600000| PB 0x00000000c4600000| Untracked 
|  71|0x00000000c4700000, 0x00000000c4700000, 0x00000000c4800000|  0%| F|  |TAMS 0x00000000c4700000| PB 0x00000000c4700000| Untracked 
|  72|0x00000000c4800000, 0x00000000c4800000, 0x00000000c4900000|  0%| F|  |TAMS 0x00000000c4800000| PB 0x00000000c4800000| Untracked 
|  73|0x00000000c4900000, 0x00000000c4900000, 0x00000000c4a00000|  0%| F|  |TAMS 0x00000000c4900000| PB 0x00000000c4900000| Untracked 
|  74|0x00000000c4a00000, 0x00000000c4a00000, 0x00000000c4b00000|  0%| F|  |TAMS 0x00000000c4a00000| PB 0x00000000c4a00000| Untracked 
|  75|0x00000000c4b00000, 0x00000000c4b00000, 0x00000000c4c00000|  0%| F|  |TAMS 0x00000000c4b00000| PB 0x00000000c4b00000| Untracked 
|  76|0x00000000c4c00000, 0x00000000c4c00000, 0x00000000c4d00000|  0%| F|  |TAMS 0x00000000c4c00000| PB 0x00000000c4c00000| Untracked 
|  77|0x00000000c4d00000, 0x00000000c4d00000, 0x00000000c4e00000|  0%| F|  |TAMS 0x00000000c4d00000| PB 0x00000000c4d00000| Untracked 
|  78|0x00000000c4e00000, 0x00000000c4e00000, 0x00000000c4f00000|  0%| F|  |TAMS 0x00000000c4e00000| PB 0x00000000c4e00000| Untracked 
|  79|0x00000000c4f00000, 0x00000000c4f00000, 0x00000000c5000000|  0%| F|  |TAMS 0x00000000c4f00000| PB 0x00000000c4f00000| Untracked 
|  80|0x00000000c5000000, 0x00000000c5000000, 0x00000000c5100000|  0%| F|  |TAMS 0x00000000c5000000| PB 0x00000000c5000000| Untracked 
|  81|0x00000000c5100000, 0x00000000c5100000, 0x00000000c5200000|  0%| F|  |TAMS 0x00000000c5100000| PB 0x00000000c5100000| Untracked 
|  82|0x00000000c5200000, 0x00000000c5200000, 0x00000000c5300000|  0%| F|  |TAMS 0x00000000c5200000| PB 0x00000000c5200000| Untracked 
|  83|0x00000000c5300000, 0x00000000c5300000, 0x00000000c5400000|  0%| F|  |TAMS 0x00000000c5300000| PB 0x00000000c5300000| Untracked 
|  84|0x00000000c5400000, 0x00000000c5400000, 0x00000000c5500000|  0%| F|  |TAMS 0x00000000c5400000| PB 0x00000000c5400000| Untracked 
|  85|0x00000000c5500000, 0x00000000c5500000, 0x00000000c5600000|  0%| F|  |TAMS 0x00000000c5500000| PB 0x00000000c5500000| Untracked 
|  86|0x00000000c5600000, 0x00000000c5600000, 0x00000000c5700000|  0%| F|  |TAMS 0x00000000c5600000| PB 0x00000000c5600000| Untracked 
|  87|0x00000000c5700000, 0x00000000c5700000, 0x00000000c5800000|  0%| F|  |TAMS 0x00000000c5700000| PB 0x00000000c5700000| Untracked 
|  88|0x00000000c5800000, 0x00000000c5800000, 0x00000000c5900000|  0%| F|  |TAMS 0x00000000c5800000| PB 0x00000000c5800000| Untracked 
|  89|0x00000000c5900000, 0x00000000c5900000, 0x00000000c5a00000|  0%| F|  |TAMS 0x00000000c5900000| PB 0x00000000c5900000| Untracked 
|  90|0x00000000c5a00000, 0x00000000c5a00000, 0x00000000c5b00000|  0%| F|  |TAMS 0x00000000c5a00000| PB 0x00000000c5a00000| Untracked 
|  91|0x00000000c5b00000, 0x00000000c5b00000, 0x00000000c5c00000|  0%| F|  |TAMS 0x00000000c5b00000| PB 0x00000000c5b00000| Untracked 
|  92|0x00000000c5c00000, 0x00000000c5c00000, 0x00000000c5d00000|  0%| F|  |TAMS 0x00000000c5c00000| PB 0x00000000c5c00000| Untracked 
|  93|0x00000000c5d00000, 0x00000000c5d00000, 0x00000000c5e00000|  0%| F|  |TAMS 0x00000000c5d00000| PB 0x00000000c5d00000| Untracked 
|  94|0x00000000c5e00000, 0x00000000c5e00000, 0x00000000c5f00000|  0%| F|  |TAMS 0x00000000c5e00000| PB 0x00000000c5e00000| Untracked 
|  95|0x00000000c5f00000, 0x00000000c5f00000, 0x00000000c6000000|  0%| F|  |TAMS 0x00000000c5f00000| PB 0x00000000c5f00000| Untracked 
|  96|0x00000000c6000000, 0x00000000c6000000, 0x00000000c6100000|  0%| F|  |TAMS 0x00000000c6000000| PB 0x00000000c6000000| Untracked 
|  97|0x00000000c6100000, 0x00000000c6100000, 0x00000000c6200000|  0%| F|  |TAMS 0x00000000c6100000| PB 0x00000000c6100000| Untracked 
|  98|0x00000000c6200000, 0x00000000c6200000, 0x00000000c6300000|  0%| F|  |TAMS 0x00000000c6200000| PB 0x00000000c6200000| Untracked 
|  99|0x00000000c6300000, 0x00000000c6300000, 0x00000000c6400000|  0%| F|  |TAMS 0x00000000c6300000| PB 0x00000000c6300000| Untracked 
| 100|0x00000000c6400000, 0x00000000c6400000, 0x00000000c6500000|  0%| F|  |TAMS 0x00000000c6400000| PB 0x00000000c6400000| Untracked 
| 101|0x00000000c6500000, 0x00000000c6500000, 0x00000000c6600000|  0%| F|  |TAMS 0x00000000c6500000| PB 0x00000000c6500000| Untracked 
| 102|0x00000000c6600000, 0x00000000c6600000, 0x00000000c6700000|  0%| F|  |TAMS 0x00000000c6600000| PB 0x00000000c6600000| Untracked 
| 103|0x00000000c6700000, 0x00000000c6700000, 0x00000000c6800000|  0%| F|  |TAMS 0x00000000c6700000| PB 0x00000000c6700000| Untracked 
| 104|0x00000000c6800000, 0x00000000c6900000, 0x00000000c6900000|100%| S|CS|TAMS 0x00000000c6800000| PB 0x00000000c6800000| Complete 
| 105|0x00000000c6900000, 0x00000000c6a00000, 0x00000000c6a00000|100%| S|CS|TAMS 0x00000000c6900000| PB 0x00000000c6900000| Complete 
| 106|0x00000000c6a00000, 0x00000000c6b00000, 0x00000000c6b00000|100%| S|CS|TAMS 0x00000000c6a00000| PB 0x00000000c6a00000| Complete 
| 107|0x00000000c6b00000, 0x00000000c6b00000, 0x00000000c6c00000|  0%| F|  |TAMS 0x00000000c6b00000| PB 0x00000000c6b00000| Untracked 
| 108|0x00000000c6c00000, 0x00000000c6c00000, 0x00000000c6d00000|  0%| F|  |TAMS 0x00000000c6c00000| PB 0x00000000c6c00000| Untracked 
| 109|0x00000000c6d00000, 0x00000000c6d00000, 0x00000000c6e00000|  0%| F|  |TAMS 0x00000000c6d00000| PB 0x00000000c6d00000| Untracked 
| 110|0x00000000c6e00000, 0x00000000c6e00000, 0x00000000c6f00000|  0%| F|  |TAMS 0x00000000c6e00000| PB 0x00000000c6e00000| Untracked 
| 111|0x00000000c6f00000, 0x00000000c6f00000, 0x00000000c7000000|  0%| F|  |TAMS 0x00000000c6f00000| PB 0x00000000c6f00000| Untracked 
| 112|0x00000000c7000000, 0x00000000c7000000, 0x00000000c7100000|  0%| F|  |TAMS 0x00000000c7000000| PB 0x00000000c7000000| Untracked 
| 113|0x00000000c7100000, 0x00000000c7100000, 0x00000000c7200000|  0%| F|  |TAMS 0x00000000c7100000| PB 0x00000000c7100000| Untracked 
| 114|0x00000000c7200000, 0x00000000c7200000, 0x00000000c7300000|  0%| F|  |TAMS 0x00000000c7200000| PB 0x00000000c7200000| Untracked 
| 115|0x00000000c7300000, 0x00000000c7300000, 0x00000000c7400000|  0%| F|  |TAMS 0x00000000c7300000| PB 0x00000000c7300000| Untracked 
| 116|0x00000000c7400000, 0x00000000c7400000, 0x00000000c7500000|  0%| F|  |TAMS 0x00000000c7400000| PB 0x00000000c7400000| Untracked 
| 117|0x00000000c7500000, 0x00000000c7500000, 0x00000000c7600000|  0%| F|  |TAMS 0x00000000c7500000| PB 0x00000000c7500000| Untracked 
| 118|0x00000000c7600000, 0x00000000c7600000, 0x00000000c7700000|  0%| F|  |TAMS 0x00000000c7600000| PB 0x00000000c7600000| Untracked 
| 119|0x00000000c7700000, 0x00000000c7700000, 0x00000000c7800000|  0%| F|  |TAMS 0x00000000c7700000| PB 0x00000000c7700000| Untracked 
| 120|0x00000000c7800000, 0x00000000c7800000, 0x00000000c7900000|  0%| F|  |TAMS 0x00000000c7800000| PB 0x00000000c7800000| Untracked 
| 121|0x00000000c7900000, 0x00000000c7900000, 0x00000000c7a00000|  0%| F|  |TAMS 0x00000000c7900000| PB 0x00000000c7900000| Untracked 
| 122|0x00000000c7a00000, 0x00000000c7a00000, 0x00000000c7b00000|  0%| F|  |TAMS 0x00000000c7a00000| PB 0x00000000c7a00000| Untracked 
| 123|0x00000000c7b00000, 0x00000000c7b00000, 0x00000000c7c00000|  0%| F|  |TAMS 0x00000000c7b00000| PB 0x00000000c7b00000| Untracked 
| 124|0x00000000c7c00000, 0x00000000c7cb9380, 0x00000000c7d00000| 72%| E|  |TAMS 0x00000000c7c00000| PB 0x00000000c7c00000| Complete 
| 125|0x00000000c7d00000, 0x00000000c7e00000, 0x00000000c7e00000|100%| E|CS|TAMS 0x00000000c7d00000| PB 0x00000000c7d00000| Complete 
| 126|0x00000000c7e00000, 0x00000000c7f00000, 0x00000000c7f00000|100%| E|CS|TAMS 0x00000000c7e00000| PB 0x00000000c7e00000| Complete 
| 127|0x00000000c7f00000, 0x00000000c8000000, 0x00000000c8000000|100%| E|CS|TAMS 0x00000000c7f00000| PB 0x00000000c7f00000| Complete 

Card table byte_map: [0x00007ff9a8e00000,0x00007ff9a9000000] _byte_map_base: 0x00007ff9a8800000

Marking Bits: (CMBitMap*) 0x0000600a81b67cd0
 Bits: [0x00007ff9a7e00000, 0x00007ff9a8e00000)

Polling page: 0x00007ff9cf770000

Metaspace:

Usage:
  Non-class:     12.42 MB used.
      Class:      1.25 MB used.
       Both:     13.67 MB used.

Virtual space:
  Non-class space:       64.00 MB reserved,      12.56 MB ( 20%) committed,  1 nodes.
      Class space:        1.00 GB reserved,       1.38 MB ( <1%) committed,  1 nodes.
             Both:        1.06 GB reserved,      13.94 MB (  1%) committed. 

Chunk freelists:
   Non-Class:  3.00 MB
       Class:  14.61 MB
        Both:  17.61 MB

MaxMetaspaceSize: unlimited
CompressedClassSpaceSize: 1.00 GB
Initial GC threshold: 21.00 MB
Current GC threshold: 21.00 MB
CDS: off
 - commit_granule_bytes: 65536.
 - commit_granule_words: 8192.
 - virtual_space_node_default_size: 8388608.
 - enlarge_chunks_in_place: 1.
 - use_allocation_guard: 0.


Internal statistics:

num_allocs_failed_limit: 0.
num_arena_births: 136.
num_arena_deaths: 0.
num_vsnodes_births: 2.
num_vsnodes_deaths: 0.
num_space_committed: 223.
num_space_uncommitted: 0.
num_chunks_returned_to_freelist: 0.
num_chunks_taken_from_freelist: 212.
num_chunk_merges: 0.
num_chunk_splits: 135.
num_chunks_enlarged: 93.
num_inconsistent_stats: 0.

CodeHeap 'non-profiled nmethods': size=259300Kb used=408Kb max_used=408Kb free=258891Kb
 bounds [0x00007ff9b9ec7000, 0x00007ff9ba137000, 0x00007ff9c9c00000]
CodeHeap 'profiled nmethods': size=259296Kb used=1967Kb max_used=1967Kb free=257329Kb
 bounds [0x00007ff9a9c00000, 0x00007ff9a9e70000, 0x00007ff9b9938000]
CodeHeap 'non-nmethods': size=5692Kb used=1339Kb max_used=1377Kb free=4352Kb
 bounds [0x00007ff9b9938000, 0x00007ff9b9ba8000, 0x00007ff9b9ec7000]
 total_blobs=1556 nmethods=1095 adapters=367
 compilation: enabled
              stopped_count=0, restarted_count=0
 full_count=0

Compilation events (20 events):
Event: 0.610 Thread 0x0000600a81ceae60 1103       4       java.math.BigInteger::implMontgomerySquare (19 bytes)
Event: 0.610 Thread 0x0000600a81cecad0 1106       3       java.math.MutableBigInteger::<init> (42 bytes)
Event: 0.611 Thread 0x0000600a81cecad0 nmethod 1106 0x00007ff9a9de8190 code [0x00007ff9a9de8440, 0x00007ff9a9de90f8]
Event: 0.611 Thread 0x0000600a81cecad0 1107       3       java.util.concurrent.locks.AbstractQueuedSynchronizer::compareAndSetState (13 bytes)
Event: 0.612 Thread 0x0000600a81cecad0 nmethod 1107 0x00007ff9a9de9610 code [0x00007ff9a9de97a0, 0x00007ff9a9de98c0]
Event: 0.612 Thread 0x0000600a81ceae60 nmethod 1103 0x00007ff9b9f2be90 code [0x00007ff9b9f2c040, 0x00007ff9b9f2c3c8]
Event: 0.612 Thread 0x0000600a81ceae60 1104       4       java.math.BigInteger::implSquareToLenChecks (206 bytes)
Event: 0.612 Thread 0x0000600a81cecad0 1109       3       java.util.concurrent.locks.ReentrantLock::lock (8 bytes)
Event: 0.612 Thread 0x0000600a81cecad0 nmethod 1109 0x00007ff9a9de9990 code [0x00007ff9a9de9b60, 0x00007ff9a9de9e50]
Event: 0.612 Thread 0x0000600a81cecad0 1111       3       java.util.concurrent.locks.AbstractQueuedSynchronizer::release (19 bytes)
Event: 0.612 Thread 0x0000600a81cecad0 nmethod 1111 0x00007ff9a9de9f90 code [0x00007ff9a9dea1a0, 0x00007ff9a9dea7a0]
Event: 0.612 Thread 0x0000600a81cecad0 1112       3       java.util.concurrent.locks.ReentrantLock$Sync::tryRelease (51 bytes)
Event: 0.612 Thread 0x0000600a81ceae60 nmethod 1104 0x00007ff9b9f2c690 code [0x00007ff9b9f2c820, 0x00007ff9b9f2c950]
Event: 0.612 Thread 0x0000600a81ceae60 1105       4       java.math.BigInteger::squareToLen (33 bytes)
Event: 0.612 Thread 0x0000600a81cecad0 nmethod 1112 0x00007ff9a9dea990 code [0x00007ff9a9deab60, 0x00007ff9a9deaee0]
Event: 0.612 Thread 0x0000600a81cecad0 1110       3       java.util.concurrent.locks.ReentrantLock$Sync::lock (13 bytes)
Event: 0.612 Thread 0x0000600a81cecad0 nmethod 1110 0x00007ff9a9deb010 code [0x00007ff9a9deb1e0, 0x00007ff9a9deb460]
Event: 0.612 Thread 0x0000600a81cecad0 1108       3       java.util.concurrent.locks.ReentrantLock$NonfairSync::initialTryLock (58 bytes)
Event: 0.612 Thread 0x0000600a81cecad0 nmethod 1108 0x00007ff9a9deb510 code [0x00007ff9a9deb700, 0x00007ff9a9debaf8]
Event: 0.613 Thread 0x0000600a81ceae60 nmethod 1105 0x00007ff9b9f2ca90 code [0x00007ff9b9f2cc20, 0x00007ff9b9f2cf30]

GC Heap History (2 events):
Event: 0.364 GC heap before
{Heap before GC invocations=0 (full 0):
 garbage-first heap   total 131072K, used 29696K [0x00000000c0000000, 0x0000000100000000)
  region size 1024K, 21 young (21504K), 0 survivors (0K)
 Metaspace       used 12919K, committed 13248K, reserved 1114112K
  class space    used 1171K, committed 1344K, reserved 1048576K
}
Event: 0.367 GC heap after
{Heap after GC invocations=1 (full 0):
 garbage-first heap   total 131072K, used 12544K [0x00000000c0000000, 0x0000000100000000)
  region size 1024K, 3 young (3072K), 3 survivors (3072K)
 Metaspace       used 12919K, committed 13248K, reserved 1114112K
  class space    used 1171K, committed 1344K, reserved 1048576K
}

Dll operation events (10 events):
Event: 0.002 Loaded shared library /home/atom/.local/share/phpstorm/jbr/lib/libjava.so
Event: 0.005 Loaded shared library /home/atom/.local/share/phpstorm/jbr/lib/libzip.so
Event: 0.090 Loaded shared library /home/atom/.local/share/phpstorm/jbr/lib/libnio.so
Event: 0.096 Loaded shared library /home/atom/.local/share/phpstorm/jbr/lib/libzip.so
Event: 0.107 Loaded shared library /home/atom/.local/share/phpstorm/jbr/lib/libinstrument.so
Event: 0.112 Loaded shared library /home/atom/.local/share/phpstorm/jbr/lib/libnet.so
Event: 0.153 Loaded shared library /home/atom/.local/share/phpstorm/jbr/lib/libverify.so
Event: 0.190 Loaded shared library /home/atom/.local/share/phpstorm/jbr/lib/libjimage.so
Event: 0.207 Loaded shared library /home/atom/.local/share/phpstorm/jbr/lib/libmanagement.so
Event: 0.212 Loaded shared library /home/atom/.local/share/phpstorm/jbr/lib/libmanagement_ext.so

Deoptimization events (20 events):
Event: 0.547 Thread 0x0000600a81b2cc40 DEOPT PACKING pc=0x00007ff9a9dcc0f2 sp=0x00007ff9cf3fd340
Event: 0.547 Thread 0x0000600a81b2cc40 DEOPT UNPACKING pc=0x00007ff9b998c72f sp=0x00007ff9cf3fc7f0 mode 0
Event: 0.555 Thread 0x0000600a81b2cc40 DEOPT PACKING pc=0x00007ff9a9dbbd9a sp=0x00007ff9cf3fce20
Event: 0.555 Thread 0x0000600a81b2cc40 DEOPT UNPACKING pc=0x00007ff9b998c72f sp=0x00007ff9cf3fc2c0 mode 0
Event: 0.556 Thread 0x0000600a81b2cc40 DEOPT PACKING pc=0x00007ff9a9dbbd9a sp=0x00007ff9cf3fce20
Event: 0.556 Thread 0x0000600a81b2cc40 DEOPT UNPACKING pc=0x00007ff9b998c72f sp=0x00007ff9cf3fc2c0 mode 0
Event: 0.556 Thread 0x0000600a81b2cc40 DEOPT PACKING pc=0x00007ff9a9dbbd9a sp=0x00007ff9cf3fd070
Event: 0.556 Thread 0x0000600a81b2cc40 DEOPT UNPACKING pc=0x00007ff9b998c72f sp=0x00007ff9cf3fc510 mode 0
Event: 0.556 Thread 0x0000600a81b2cc40 DEOPT PACKING pc=0x00007ff9a9dbbd9a sp=0x00007ff9cf3fd260
Event: 0.556 Thread 0x0000600a81b2cc40 DEOPT UNPACKING pc=0x00007ff9b998c72f sp=0x00007ff9cf3fc700 mode 0
Event: 0.579 Thread 0x0000600a81b2cc40 Uncommon trap: trap_request=0xffffffde fr.pc=0x00007ff9b9f00398 relative=0x0000000000000438
Event: 0.579 Thread 0x0000600a81b2cc40 Uncommon trap: reason=class_check action=maybe_recompile pc=0x00007ff9b9f00398 method=java.util.HashMap.getNode(Ljava/lang/Object;)Ljava/util/HashMap$Node; @ 63 c2
Event: 0.579 Thread 0x0000600a81b2cc40 DEOPT PACKING pc=0x00007ff9b9f00398 sp=0x00007ff9cf3fd770
Event: 0.579 Thread 0x0000600a81b2cc40 DEOPT UNPACKING pc=0x00007ff9b998bf99 sp=0x00007ff9cf3fd708 mode 2
Event: 0.579 Thread 0x0000600a81b2cc40 Uncommon trap: trap_request=0xffffff54 fr.pc=0x00007ff9b9f27b80 relative=0x0000000000000080
Event: 0.579 Thread 0x0000600a81b2cc40 Uncommon trap: reason=speculate_null_assert action=make_not_entrant pc=0x00007ff9b9f27b80 method=jdk.internal.misc.Unsafe.getIntUnaligned(Ljava/lang/Object;JZ)I @ 5 c2
Event: 0.579 Thread 0x0000600a81b2cc40 DEOPT PACKING pc=0x00007ff9b9f27b80 sp=0x00007ff9cf3fd3b0
Event: 0.579 Thread 0x0000600a81b2cc40 DEOPT UNPACKING pc=0x00007ff9b998bf99 sp=0x00007ff9cf3fd338 mode 2
Event: 0.586 Thread 0x0000600a81b2cc40 DEOPT PACKING pc=0x00007ff9a9dd5b64 sp=0x00007ff9cf3fd490
Event: 0.586 Thread 0x0000600a81b2cc40 DEOPT UNPACKING pc=0x00007ff9b998c72f sp=0x00007ff9cf3fc948 mode 0

Classes loaded (20 events):
Event: 0.500 Loading class sun/util/logging/PlatformLogger$Level
Event: 0.500 Loading class sun/util/logging/PlatformLogger$Level done
Event: 0.502 Loading class sun/nio/cs/UTF_16LE$Decoder
Event: 0.502 Loading class sun/nio/cs/UnicodeDecoder
Event: 0.502 Loading class java/nio/charset/CharsetDecoder
Event: 0.502 Loading class java/nio/charset/CharsetDecoder done
Event: 0.502 Loading class sun/nio/cs/UnicodeDecoder done
Event: 0.502 Loading class sun/nio/cs/UTF_16LE$Decoder done
Event: 0.502 Loading class sun/nio/cs/ArrayDecoder
Event: 0.502 Loading class sun/nio/cs/ArrayDecoder done
Event: 0.554 Loading class java/io/FilenameFilter
Event: 0.554 Loading class java/io/FilenameFilter done
Event: 0.611 Loading class java/lang/IllegalAccessError
Event: 0.611 Loading class java/lang/IllegalAccessError done
Event: 0.611 Loading class java/lang/invoke/WrongMethodTypeException
Event: 0.611 Loading class java/lang/invoke/WrongMethodTypeException done
Event: 0.611 Loading class java/lang/Throwable$WrappedPrintStream
Event: 0.611 Loading class java/lang/Throwable$PrintStreamOrWriter
Event: 0.611 Loading class java/lang/Throwable$PrintStreamOrWriter done
Event: 0.611 Loading class java/lang/Throwable$WrappedPrintStream done

Classes unloaded (0 events):
No events

Classes redefined (4 events):
Event: 0.248 Thread 0x0000600a81c55020 redefined class name=sun.management.VMManagementImpl, count=1
Event: 0.260 Thread 0x0000600a81c55020 redefined class name=java.net.InetAddress, count=1
Event: 0.297 Thread 0x0000600a81c55020 redefined class name=java.math.BigInteger, count=1
Event: 0.325 Thread 0x0000600a81c55020 redefined class name=java.lang.Class, count=1

Internal exceptions (20 events):
Event: 0.115 Thread 0x0000600a81b2cc40 Exception <a 'java/lang/NoSuchMethodError'{0x00000000c7dd3130}: 'java.lang.Object java.lang.invoke.DirectMethodHandle$Holder.invokeStatic(java.lang.Object, java.lang.Object, java.lang.Object, java.lang.Object, int)'> (0x00000000c7dd3130) 
thrown [src/hotspot/share/interpreter/linkResolver.cpp, line 783]
Event: 0.116 Thread 0x0000600a81b2cc40 Exception <a 'java/lang/NoSuchMethodError'{0x00000000c7ddad30}: 'long java.lang.invoke.DirectMethodHandle$Holder.invokeStatic(java.lang.Object, java.lang.Object, int)'> (0x00000000c7ddad30) 
thrown [src/hotspot/share/interpreter/linkResolver.cpp, line 783]
Event: 0.117 Thread 0x0000600a81b2cc40 Exception <a 'java/lang/NoSuchMethodError'{0x00000000c7de6318}: 'java.lang.Object java.lang.invoke.DelegatingMethodHandle$Holder.reinvoke_L(java.lang.Object, int, long, java.lang.Object, java.lang.Object, int, java.lang.Object)'> (0x00000000c7de6318) 
thrown [src/hotspot/share/interpreter/linkResolver.cpp, line 783]
Event: 0.119 Thread 0x0000600a81b2cc40 Exception <a 'java/lang/NoSuchMethodError'{0x00000000c7df9520}: 'int java.lang.invoke.DirectMethodHandle$Holder.invokeSpecial(java.lang.Object, java.lang.Object, java.lang.Object)'> (0x00000000c7df9520) 
thrown [src/hotspot/share/interpreter/linkResolver.cpp, line 783]
Event: 0.122 Thread 0x0000600a81b2cc40 Exception <a 'java/lang/NoSuchMethodError'{0x00000000c7c12e78}: 'java.lang.Object java.lang.invoke.DirectMethodHandle$Holder.invokeStatic(java.lang.Object, java.lang.Object, int)'> (0x00000000c7c12e78) 
thrown [src/hotspot/share/interpreter/linkResolver.cpp, line 783]
Event: 0.123 Thread 0x0000600a81b2cc40 Exception <a 'java/lang/NoSuchMethodError'{0x00000000c7c1e280}: 'void java.lang.invoke.DelegatingMethodHandle$Holder.delegate(java.lang.Object, java.lang.Object, int, java.lang.Object)'> (0x00000000c7c1e280) 
thrown [src/hotspot/share/interpreter/linkResolver.cpp, line 783]
Event: 0.148 Thread 0x0000600a81b2cc40 Exception <a 'java/lang/NoSuchMethodError'{0x00000000c75a1bc8}: 'void java.lang.invoke.DirectMethodHandle$Holder.invokeStatic(java.lang.Object, java.lang.Object)'> (0x00000000c75a1bc8) 
thrown [src/hotspot/share/interpreter/linkResolver.cpp, line 783]
Event: 0.148 Thread 0x0000600a81b2cc40 Exception <a 'java/lang/NoSuchMethodError'{0x00000000c75a4e80}: 'void java.lang.invoke.DirectMethodHandle$Holder.invokeStaticInit(java.lang.Object, java.lang.Object)'> (0x00000000c75a4e80) 
thrown [src/hotspot/share/interpreter/linkResolver.cpp, line 783]
Event: 0.154 Thread 0x0000600a81b2cc40 Exception <a 'java/lang/NoSuchMethodError'{0x00000000c75b84b0}: 'java.lang.Object java.lang.invoke.Invokers$Holder.invoke_MT(java.lang.Object, java.lang.Object, java.lang.Object, java.lang.Object, java.lang.Object, java.lang.Object, java.lang.Object, java.lang.Object, java.lang.Object)'> (0x00000000c75b84b0) 
thrown [src/hotspot/share/interpreter/linkResolver.cpp, line 783]
Event: 0.154 Thread 0x0000600a81b2cc40 Exception <a 'java/lang/NoSuchMethodError'{0x00000000c75c1620}: 'java.lang.Object java.lang.invoke.DelegatingMethodHandle$Holder.reinvoke_L(java.lang.Object, java.lang.Object, java.lang.Object, java.lang.Object, int, java.lang.Object, java.lang.Object, java.lang.Object)'> (0x00000000c75c1620) 
thrown [src/hotspot/share/interpreter/linkResolver.cpp, line 783]
Event: 0.157 Thread 0x0000600a81b2cc40 Exception <a 'java/lang/NoSuchMethodError'{0x00000000c75d8320}: 'long java.lang.invoke.DirectMethodHandle$Holder.invokeStatic(java.lang.Object)'> (0x00000000c75d8320) 
thrown [src/hotspot/share/interpreter/linkResolver.cpp, line 783]
Event: 0.157 Thread 0x0000600a81b2cc40 Exception <a 'java/lang/NoSuchMethodError'{0x00000000c75db8c8}: 'long java.lang.invoke.DirectMethodHandle$Holder.invokeSpecial(java.lang.Object, java.lang.Object)'> (0x00000000c75db8c8) 
thrown [src/hotspot/share/interpreter/linkResolver.cpp, line 783]
Event: 0.157 Thread 0x0000600a81b2cc40 Exception <a 'java/lang/NoSuchMethodError'{0x00000000c75decc0}: 'long java.lang.invoke.Invokers$Holder.linkToTargetMethod(java.lang.Object)'> (0x00000000c75decc0) 
thrown [src/hotspot/share/interpreter/linkResolver.cpp, line 783]
Event: 0.157 Thread 0x0000600a81b2cc40 Exception <a 'java/lang/NoSuchMethodError'{0x00000000c75e2168}: 'void java.lang.invoke.DirectMethodHandle$Holder.invokeSpecial(java.lang.Object, java.lang.Object, java.lang.Object)'> (0x00000000c75e2168) 
thrown [src/hotspot/share/interpreter/linkResolver.cpp, line 783]
Event: 0.157 Thread 0x0000600a81b2cc40 Exception <a 'java/lang/NoSuchMethodError'{0x00000000c75e5778}: 'void java.lang.invoke.Invokers$Holder.linkToTargetMethod(java.lang.Object, java.lang.Object)'> (0x00000000c75e5778) 
thrown [src/hotspot/share/interpreter/linkResolver.cpp, line 783]
Event: 0.158 Thread 0x0000600a81b2cc40 Exception <a 'java/lang/NoSuchMethodError'{0x00000000c75eac28}: 'void java.lang.invoke.DirectMethodHandle$Holder.invokeStatic(java.lang.Object, java.lang.Object, java.lang.Object)'> (0x00000000c75eac28) 
thrown [src/hotspot/share/interpreter/linkResolver.cpp, line 783]
Event: 0.159 Thread 0x0000600a81b2cc40 Exception <a 'java/lang/NoSuchMethodError'{0x00000000c75fc2b8}: 'java.lang.Object java.lang.invoke.Invokers$Holder.invokeExact_MT(java.lang.Object, java.lang.Object, java.lang.Object, java.lang.Object, java.lang.Object)'> (0x00000000c75fc2b8) 
thrown [src/hotspot/share/interpreter/linkResolver.cpp, line 783]
Event: 0.339 Thread 0x0000600a81b2cc40 Exception <a 'java/lang/NoSuchMethodError'{0x00000000c6cd4088}: 'void java.lang.invoke.DirectMethodHandle$Holder.invokeVirtual(java.lang.Object, java.lang.Object)'> (0x00000000c6cd4088) 
thrown [src/hotspot/share/interpreter/linkResolver.cpp, line 783]
Event: 0.489 Thread 0x0000600a81b2cc40 Implicit null exception at 0x00007ff9b9f17e80 to 0x00007ff9b9f186fe
Event: 0.611 Thread 0x0000600a81b2cc40 Exception <a 'java/lang/IllegalAccessError'{0x00000000c7cb0120}: class yyds.sniarbtej.ˈᕻ tried to access method 'java.lang.String yyds.sniarbtej.ˉﻤ$ͺſ.v(java.lang.Object, short, int, short)' (yyds.sniarbtej.ˈᕻ is in unnamed module of loader com.intellij.util.lang.PathClassLoader @6e8dacdf; yyds.sniarbtej.ˉﻤ$ͺſ is in unnamed module of loader 'bootstrap')> (0x00000000c7cb0120) 
thrown [src/hotspot/share/interpreter/linkResolver.cpp, line 601]

ZGC Phase Switch (0 events):
No events

VM Operations (13 events):
Event: 0.076 Executing VM operation: HandshakeAllThreads (Deoptimize)
Event: 0.076 Executing VM operation: HandshakeAllThreads (Deoptimize) done
Event: 0.247 Executing VM operation: RedefineClasses
Event: 0.249 Executing VM operation: RedefineClasses done
Event: 0.260 Executing VM operation: RedefineClasses
Event: 0.262 Executing VM operation: RedefineClasses done
Event: 0.296 Executing VM operation: RedefineClasses
Event: 0.299 Executing VM operation: RedefineClasses done
Event: 0.324 Executing VM operation: RedefineClasses
Event: 0.327 Executing VM operation: RedefineClasses done
Event: 0.364 Executing VM operation: G1CollectForAllocation (G1 Evacuation Pause)
Event: 0.367 Executing VM operation: G1CollectForAllocation (G1 Evacuation Pause) done
Event: 1.367 Executing VM operation: Cleanup

Events (18 events):
Event: 0.002 Protecting memory [0x00007ff9cf200000,0x00007ff9cf204000] with protection modes 0
Event: 0.005 Thread 0x0000600a81b2cc40 Thread added: 0x0000600a81b2cc40
Event: 0.033 Thread 0x0000600a81ce1b80 Thread added: 0x0000600a81ce1b80
Event: 0.033 Protecting memory [0x00007ff9a4ddc000,0x00007ff9a4de0000] with protection modes 0
Event: 0.033 Thread 0x0000600a81ce3260 Thread added: 0x0000600a81ce3260
Event: 0.033 Protecting memory [0x00007ff9a4700000,0x00007ff9a4704000] with protection modes 0
Event: 0.034 Thread 0x0000600a81ce5140 Thread added: 0x0000600a81ce5140
Event: 0.034 Protecting memory [0x00007ff9a4600000,0x00007ff9a4604000] with protection modes 0
Event: 0.034 Thread 0x0000600a81ce7560 Thread added: 0x0000600a81ce7560
Event: 0.034 Protecting memory [0x00007ff9a4500000,0x00007ff9a4504000] with protection modes 0
Event: 0.034 Thread 0x0000600a81ce9100 Thread added: 0x0000600a81ce9100
Event: 0.034 Protecting memory [0x00007ff9a4400000,0x00007ff9a4404000] with protection modes 0
Event: 0.034 Thread 0x0000600a81ceae60 Thread added: 0x0000600a81ceae60
Event: 0.034 Protecting memory [0x00007ff9a4300000,0x00007ff9a4304000] with protection modes 0
Event: 0.034 Thread 0x0000600a81cecad0 Thread added: 0x0000600a81cecad0
Event: 0.034 Protecting memory [0x00007ff9a4200000,0x00007ff9a4204000] with protection modes 0
Event: 0.068 Thread 0x0000600a81e555a0 Thread added: 0x0000600a81e555a0
Event: 0.068 Protecting memory [0x00007ff9a4100000,0x00007ff9a4104000] with protection modes 0


Dynamic libraries:
c0000000-c8000000 rw-p 00000000 00:00 0 
c8000000-100000000 ---p 00000000 00:00 0 
100000000-100030000 rw-p 00000000 00:00 0 
100030000-1000b0000 rw-p 00000000 00:00 0 
1000b0000-100130000 rw-p 00000000 00:00 0 
100130000-100150000 rw-p 00000000 00:00 0 
100150000-100160000 ---p 00000000 00:00 0 
100160000-100170000 rw-p 00000000 00:00 0 
100170000-140000000 ---p 00000000 00:00 0 
600a49800000-600a498b3000 r-xp 00000000 103:02 1320996                   /home/atom/.local/share/phpstorm/bin/phpstorm
600a49ab3000-600a49abb000 r--p 000b3000 103:02 1320996                   /home/atom/.local/share/phpstorm/bin/phpstorm
600a49abb000-600a49abc000 rw-p 000bb000 103:02 1320996                   /home/atom/.local/share/phpstorm/bin/phpstorm
600a81acf000-600a8308b000 rw-p 00000000 00:00 0                          [heap]
7ff97bd2c000-7ff97c600000 rw-p 00000000 00:00 0 
7ff97c600000-7ff97dd18000 r--s 00000000 103:02 1319626                   /home/atom/.local/share/phpstorm/lib/groovy.jar
7ff97de00000-7ff98007a000 r--s 00000000 103:02 1320306                   /home/atom/.local/share/phpstorm/lib/lib.jar
7ff9800ff000-7ff980100000 ---p 00000000 00:00 0 
7ff980100000-7ff980200000 rw-p 00000000 00:00 0 
7ff980200000-7ff9806cb000 r--s 00000000 103:02 1320338                   /home/atom/.local/share/phpstorm/lib/protobuf.jar
7ff9806ff000-7ff980700000 ---p 00000000 00:00 0 
7ff980700000-7ff980800000 rw-p 00000000 00:00 0 
7ff980800000-7ff9817af000 r--s 00000000 103:02 1319621                   /home/atom/.local/share/phpstorm/lib/bouncy-castle.jar
7ff981800000-7ff981d54000 r--s 00000000 103:02 1319620                   /home/atom/.local/share/phpstorm/lib/rd.jar
7ff981e00000-7ff982040000 r--s 00000000 103:02 1319619                   /home/atom/.local/share/phpstorm/lib/stats.jar
7ff9820ff000-7ff982100000 ---p 00000000 00:00 0 
7ff982100000-7ff982200000 rw-p 00000000 00:00 0 
7ff982200000-7ff988448000 r--s 00000000 103:02 1319632                   /home/atom/.local/share/phpstorm/lib/lib-client.jar
7ff9884ff000-7ff988500000 ---p 00000000 00:00 0 
7ff988500000-7ff988600000 rw-p 00000000 00:00 0 
7ff988600000-7ff98c7be000 r--s 00000000 103:02 1319627                   /home/atom/.local/share/phpstorm/lib/app.jar
7ff98c800000-7ff98ca8c000 r--s 00000000 103:02 1319638                   /home/atom/.local/share/phpstorm/lib/opentelemetry.jar
7ff98caff000-7ff98cb00000 ---p 00000000 00:00 0 
7ff98cb00000-7ff98cc00000 rw-p 00000000 00:00 0 
7ff98cc00000-7ff98e127000 r--s 00000000 103:02 1320312                   /home/atom/.local/share/phpstorm/lib/product.jar
7ff98e140000-7ff98e200000 r--s 00000000 103:02 1594548                   /home/atom/.local/share/ja-netfilter/ja-netfilter.jar
7ff98e200000-7ff99be71000 r--s 00000000 103:02 1319628                   /home/atom/.local/share/phpstorm/lib/app-client.jar
7ff99bec8000-7ff99c000000 r--s 00000000 103:02 1319623                   /home/atom/.local/share/phpstorm/lib/jps-model.jar
7ff99c000000-7ff99c3ac000 r--s 00000000 103:02 1319622                   /home/atom/.local/share/phpstorm/lib/util.jar
7ff99c400000-7ff99ff04000 r--s 00000000 103:02 1320005                   /home/atom/.local/share/phpstorm/lib/util-8.jar
7ff99ff20000-7ff9a0000000 r--s 00000000 103:02 1320337                   /home/atom/.local/share/phpstorm/lib/junit4.jar
7ff9a0000000-7ff9a04f0000 rw-p 00000000 00:00 0 
7ff9a04f0000-7ff9a0510000 rw-p 00000000 00:00 0 
7ff9a0510000-7ff9a0530000 rw-p 00000000 00:00 0 
7ff9a0530000-7ff9a0570000 rw-p 00000000 00:00 0 
7ff9a0570000-7ff9a06f0000 rw-p 00000000 00:00 0 
7ff9a06f0000-7ff9a0770000 rw-p 00000000 00:00 0 
7ff9a0770000-7ff9a07f0000 rw-p 00000000 00:00 0 
7ff9a07f0000-7ff9a0850000 rw-p 00000000 00:00 0 
7ff9a0850000-7ff9a0870000 rw-p 00000000 00:00 0 
7ff9a0870000-7ff9a08f0000 rw-p 00000000 00:00 0 
7ff9a08f0000-7ff9a0bf0000 rw-p 00000000 00:00 0 
7ff9a0bf0000-7ff9a0c10000 rw-p 00000000 00:00 0 
7ff9a0c10000-7ff9a0d00000 ---p 00000000 00:00 0 
7ff9a0d00000-7ff9a0d80000 rw-p 00000000 00:00 0 
7ff9a0d80000-7ff9a4000000 ---p 00000000 00:00 0 
7ff9a4045000-7ff9a4047000 r--p 00000000 103:02 1321382                   /home/atom/.local/share/phpstorm/jbr/lib/libmanagement_ext.so
7ff9a4047000-7ff9a404a000 r-xp 00002000 103:02 1321382                   /home/atom/.local/share/phpstorm/jbr/lib/libmanagement_ext.so
7ff9a404a000-7ff9a404b000 r--p 00005000 103:02 1321382                   /home/atom/.local/share/phpstorm/jbr/lib/libmanagement_ext.so
7ff9a404b000-7ff9a404c000 ---p 00006000 103:02 1321382                   /home/atom/.local/share/phpstorm/jbr/lib/libmanagement_ext.so
7ff9a404c000-7ff9a404d000 r--p 00006000 103:02 1321382                   /home/atom/.local/share/phpstorm/jbr/lib/libmanagement_ext.so
7ff9a404d000-7ff9a404e000 rw-p 00000000 00:00 0 
7ff9a404e000-7ff9a4055000 r--s 000b9000 103:02 1594548                   /home/atom/.local/share/ja-netfilter/ja-netfilter.jar
7ff9a4055000-7ff9a4093000 r--s 00000000 103:02 1320305                   /home/atom/.local/share/phpstorm/lib/trove.jar
7ff9a4093000-7ff9a4100000 r--s 00000000 103:02 1319629                   /home/atom/.local/share/phpstorm/lib/platform-loader.jar
7ff9a4100000-7ff9a4104000 ---p 00000000 00:00 0 
7ff9a4104000-7ff9a4200000 rw-p 00000000 00:00 0 
7ff9a4200000-7ff9a4204000 ---p 00000000 00:00 0 
7ff9a4204000-7ff9a4300000 rw-p 00000000 00:00 0 
7ff9a4300000-7ff9a4304000 ---p 00000000 00:00 0 
7ff9a4304000-7ff9a4400000 rw-p 00000000 00:00 0 
7ff9a4400000-7ff9a4404000 ---p 00000000 00:00 0 
7ff9a4404000-7ff9a4500000 rw-p 00000000 00:00 0 
7ff9a4500000-7ff9a4504000 ---p 00000000 00:00 0 
7ff9a4504000-7ff9a4600000 rw-p 00000000 00:00 0 
7ff9a4600000-7ff9a4604000 ---p 00000000 00:00 0 
7ff9a4604000-7ff9a4700000 rw-p 00000000 00:00 0 
7ff9a4700000-7ff9a4704000 ---p 00000000 00:00 0 
7ff9a4704000-7ff9a4800000 rw-p 00000000 00:00 0 
7ff9a4800000-7ff9a4d75000 r--p 00000000 103:02 10622348                  /usr/lib/locale/locale-archive
7ff9a4d79000-7ff9a4d7d000 r--p 00000000 103:02 1321728                   /home/atom/.local/share/phpstorm/jbr/lib/libverify.so
7ff9a4d7d000-7ff9a4d84000 r-xp 00004000 103:02 1321728                   /home/atom/.local/share/phpstorm/jbr/lib/libverify.so
7ff9a4d84000-7ff9a4d86000 r--p 0000b000 103:02 1321728                   /home/atom/.local/share/phpstorm/jbr/lib/libverify.so
7ff9a4d86000-7ff9a4d88000 r--p 0000c000 103:02 1321728                   /home/atom/.local/share/phpstorm/jbr/lib/libverify.so
7ff9a4d88000-7ff9a4d89000 rw-p 00000000 00:00 0 
7ff9a4d89000-7ff9a4ddc000 r--s 00000000 103:02 1320333                   /home/atom/.local/share/phpstorm/lib/util_rt.jar
7ff9a4ddc000-7ff9a4de0000 ---p 00000000 00:00 0 
7ff9a4de0000-7ff9a4edc000 rw-p 00000000 00:00 0 
7ff9a4edc000-7ff9a4edd000 ---p 00000000 00:00 0 
7ff9a4edd000-7ff9a4fdd000 rw-p 00000000 00:00 0 
7ff9a4fdd000-7ff9a4fde000 ---p 00000000 00:00 0 
7ff9a4fde000-7ff9a50de000 rw-p 00000000 00:00 0 
7ff9a51f1000-7ff9a51f8000 r--s 00000000 103:02 10645638                  /usr/lib/x86_64-linux-gnu/gconv/gconv-modules.cache
7ff9a51f8000-7ff9a51f9000 ---p 00000000 00:00 0 
7ff9a51f9000-7ff9a52f9000 rw-p 00000000 00:00 0 
7ff9a52f9000-7ff9a52fa000 ---p 00000000 00:00 0 
7ff9a52fa000-7ff9a53fa000 rw-p 00000000 00:00 0 
7ff9a53fa000-7ff9a7a00000 rw-p 00000000 00:00 0 
7ff9a7a04000-7ff9a7a21000 r--s 00000000 103:02 1319640                   /home/atom/.local/share/phpstorm/lib/nio-fs.jar
7ff9a7a21000-7ff9a7afd000 rw-p 00000000 00:00 0 
7ff9a7afd000-7ff9a7afe000 ---p 00000000 00:00 0 
7ff9a7afe000-7ff9a7bfe000 rw-p 00000000 00:00 0 
7ff9a7bfe000-7ff9a7bff000 ---p 00000000 00:00 0 
7ff9a7bff000-7ff9a7cff000 rw-p 00000000 00:00 0 
7ff9a7cff000-7ff9a7d00000 ---p 00000000 00:00 0 
7ff9a7d00000-7ff9a7e00000 rw-p 00000000 00:00 0 
7ff9a7e00000-7ff9a8000000 rw-p 00000000 00:00 0 
7ff9a8000000-7ff9a8e00000 ---p 00000000 00:00 0 
7ff9a8e00000-7ff9a8e40000 rw-p 00000000 00:00 0 
7ff9a8e40000-7ff9a9000000 ---p 00000000 00:00 0 
7ff9a9000000-7ff9a9040000 rw-p 00000000 00:00 0 
7ff9a9040000-7ff9a9200000 ---p 00000000 00:00 0 
7ff9a9204000-7ff9a980f000 rw-p 00000000 00:00 0 
7ff9a980f000-7ff9a9a05000 ---p 00000000 00:00 0 
7ff9a9a05000-7ff9a9a0a000 rw-p 00000000 00:00 0 
7ff9a9a0a000-7ff9a9c00000 ---p 00000000 00:00 0 
7ff9a9c00000-7ff9a9e70000 rwxp 00000000 00:00 0 
7ff9a9e70000-7ff9b9938000 ---p 00000000 00:00 0 
7ff9b9938000-7ff9b9ba8000 rwxp 00000000 00:00 0 
7ff9b9ba8000-7ff9b9ec7000 ---p 00000000 00:00 0 
7ff9b9ec7000-7ff9ba137000 rwxp 00000000 00:00 0 
7ff9ba137000-7ff9c9c00000 ---p 00000000 00:00 0 
7ff9c9c00000-7ff9cdb2c000 r--s 00000000 103:02 1321745                   /home/atom/.local/share/phpstorm/jbr/lib/modules
7ff9cdb2c000-7ff9cdb2e000 r--p 00000000 103:02 1321718                   /home/atom/.local/share/phpstorm/jbr/lib/libmanagement.so
7ff9cdb2e000-7ff9cdb2f000 r-xp 00002000 103:02 1321718                   /home/atom/.local/share/phpstorm/jbr/lib/libmanagement.so
7ff9cdb2f000-7ff9cdb30000 r--p 00003000 103:02 1321718                   /home/atom/.local/share/phpstorm/jbr/lib/libmanagement.so
7ff9cdb30000-7ff9cdb31000 r--p 00003000 103:02 1321718                   /home/atom/.local/share/phpstorm/jbr/lib/libmanagement.so
7ff9cdb31000-7ff9cdb32000 rw-p 00000000 00:00 0 
7ff9cdb32000-7ff9cdb41000 r--s 00000000 103:02 1320336                   /home/atom/.local/share/phpstorm/lib/jsch-agent.jar
7ff9cdb41000-7ff9cdb4d000 r--s 00000000 103:02 1319639                   /home/atom/.local/share/phpstorm/lib/annotations.jar
7ff9cdb4d000-7ff9cdb5d000 r--s 00000000 103:02 1319624                   /home/atom/.local/share/phpstorm/lib/forms_rt.jar
7ff9cdb5d000-7ff9cdb6c000 r--s 00000000 103:02 1319631                   /home/atom/.local/share/phpstorm/lib/external-system-rt.jar
7ff9cdb6c000-7ff9cdb6f000 r--p 00000000 103:02 1321719                   /home/atom/.local/share/phpstorm/jbr/lib/libnet.so
7ff9cdb6f000-7ff9cdb77000 r-xp 00003000 103:02 1321719                   /home/atom/.local/share/phpstorm/jbr/lib/libnet.so
7ff9cdb77000-7ff9cdb79000 r--p 0000b000 103:02 1321719                   /home/atom/.local/share/phpstorm/jbr/lib/libnet.so
7ff9cdb79000-7ff9cdb7a000 ---p 0000d000 103:02 1321719                   /home/atom/.local/share/phpstorm/jbr/lib/libnet.so
7ff9cdb7a000-7ff9cdb7b000 r--p 0000d000 103:02 1321719                   /home/atom/.local/share/phpstorm/jbr/lib/libnet.so
7ff9cdb7b000-7ff9cdc00000 rw-p 00000000 00:00 0 
7ff9cdc00000-7ff9cde98000 r--p 00000000 103:02 1321661                   /home/atom/.local/share/phpstorm/jbr/lib/server/libjvm.so
7ff9cde98000-7ff9ced0f000 r-xp 00298000 103:02 1321661                   /home/atom/.local/share/phpstorm/jbr/lib/server/libjvm.so
7ff9ced0f000-7ff9ceff1000 r--p 0110f000 103:02 1321661                   /home/atom/.local/share/phpstorm/jbr/lib/server/libjvm.so
7ff9ceff1000-7ff9cf0c2000 r--p 013f0000 103:02 1321661                   /home/atom/.local/share/phpstorm/jbr/lib/server/libjvm.so
7ff9cf0c2000-7ff9cf0f2000 rw-p 014c1000 103:02 1321661                   /home/atom/.local/share/phpstorm/jbr/lib/server/libjvm.so
7ff9cf0f2000-7ff9cf168000 rw-p 00000000 00:00 0 
7ff9cf16a000-7ff9cf176000 r--s 00000000 103:02 1319625                   /home/atom/.local/share/phpstorm/lib/product-client.jar
7ff9cf176000-7ff9cf17d000 r--p 00000000 103:02 1321727                   /home/atom/.local/share/phpstorm/jbr/lib/libnio.so
7ff9cf17d000-7ff9cf186000 r-xp 00007000 103:02 1321727                   /home/atom/.local/share/phpstorm/jbr/lib/libnio.so
7ff9cf186000-7ff9cf18a000 r--p 00010000 103:02 1321727                   /home/atom/.local/share/phpstorm/jbr/lib/libnio.so
7ff9cf18a000-7ff9cf18b000 ---p 00014000 103:02 1321727                   /home/atom/.local/share/phpstorm/jbr/lib/libnio.so
7ff9cf18b000-7ff9cf18c000 r--p 00014000 103:02 1321727                   /home/atom/.local/share/phpstorm/jbr/lib/libnio.so
7ff9cf18c000-7ff9cf18d000 rw-p 00015000 103:02 1321727                   /home/atom/.local/share/phpstorm/jbr/lib/libnio.so
7ff9cf18d000-7ff9cf18f000 r--p 00000000 103:02 1321702                   /home/atom/.local/share/phpstorm/jbr/lib/libjli.so
7ff9cf18f000-7ff9cf199000 r-xp 00002000 103:02 1321702                   /home/atom/.local/share/phpstorm/jbr/lib/libjli.so
7ff9cf199000-7ff9cf19c000 r--p 0000c000 103:02 1321702                   /home/atom/.local/share/phpstorm/jbr/lib/libjli.so
7ff9cf19c000-7ff9cf19d000 ---p 0000f000 103:02 1321702                   /home/atom/.local/share/phpstorm/jbr/lib/libjli.so
7ff9cf19d000-7ff9cf19e000 r--p 0000f000 103:02 1321702                   /home/atom/.local/share/phpstorm/jbr/lib/libjli.so
7ff9cf19e000-7ff9cf19f000 rw-p 00010000 103:02 1321702                   /home/atom/.local/share/phpstorm/jbr/lib/libjli.so
7ff9cf19f000-7ff9cf1a1000 r--p 00000000 103:02 10618088                  /usr/lib/x86_64-linux-gnu/libz.so.1.3
7ff9cf1a1000-7ff9cf1b3000 r-xp 00002000 103:02 10618088                  /usr/lib/x86_64-linux-gnu/libz.so.1.3
7ff9cf1b3000-7ff9cf1b9000 r--p 00014000 103:02 10618088                  /usr/lib/x86_64-linux-gnu/libz.so.1.3
7ff9cf1b9000-7ff9cf1ba000 r--p 0001a000 103:02 10618088                  /usr/lib/x86_64-linux-gnu/libz.so.1.3
7ff9cf1ba000-7ff9cf1bb000 rw-p 0001b000 103:02 10618088                  /usr/lib/x86_64-linux-gnu/libz.so.1.3
7ff9cf1bb000-7ff9cf1c8000 r--p 00000000 103:02 1321698                   /home/atom/.local/share/phpstorm/jbr/lib/libjava.so
7ff9cf1c8000-7ff9cf1d6000 r-xp 0000d000 103:02 1321698                   /home/atom/.local/share/phpstorm/jbr/lib/libjava.so
7ff9cf1d6000-7ff9cf1db000 r--p 0001b000 103:02 1321698                   /home/atom/.local/share/phpstorm/jbr/lib/libjava.so
7ff9cf1db000-7ff9cf1dc000 ---p 00020000 103:02 1321698                   /home/atom/.local/share/phpstorm/jbr/lib/libjava.so
7ff9cf1dc000-7ff9cf1dd000 r--p 00020000 103:02 1321698                   /home/atom/.local/share/phpstorm/jbr/lib/libjava.so
7ff9cf1dd000-7ff9cf1de000 rw-p 00021000 103:02 1321698                   /home/atom/.local/share/phpstorm/jbr/lib/libjava.so
7ff9cf1de000-7ff9cf1df000 rw-p 00000000 00:00 0 
7ff9cf1df000-7ff9cf1e2000 r--p 00000000 103:02 1321714                   /home/atom/.local/share/phpstorm/jbr/lib/libjimage.so
7ff9cf1e2000-7ff9cf1f6000 r-xp 00003000 103:02 1321714                   /home/atom/.local/share/phpstorm/jbr/lib/libjimage.so
7ff9cf1f6000-7ff9cf1fc000 r--p 00017000 103:02 1321714                   /home/atom/.local/share/phpstorm/jbr/lib/libjimage.so
7ff9cf1fc000-7ff9cf1fe000 r--p 0001c000 103:02 1321714                   /home/atom/.local/share/phpstorm/jbr/lib/libjimage.so
7ff9cf1fe000-7ff9cf1ff000 rw-p 0001e000 103:02 1321714                   /home/atom/.local/share/phpstorm/jbr/lib/libjimage.so
7ff9cf1ff000-7ff9cf200000 ---p 00000000 00:00 0 
7ff9cf200000-7ff9cf204000 ---p 00000000 00:00 0 
7ff9cf204000-7ff9cf400000 rw-p 00000000 00:00 0 
7ff9cf400000-7ff9cf428000 r--p 00000000 103:02 10671365                  /usr/lib/x86_64-linux-gnu/libc.so.6
7ff9cf428000-7ff9cf5b0000 r-xp 00028000 103:02 10671365                  /usr/lib/x86_64-linux-gnu/libc.so.6
7ff9cf5b0000-7ff9cf5ff000 r--p 001b0000 103:02 10671365                  /usr/lib/x86_64-linux-gnu/libc.so.6
7ff9cf5ff000-7ff9cf603000 r--p 001fe000 103:02 10671365                  /usr/lib/x86_64-linux-gnu/libc.so.6
7ff9cf603000-7ff9cf605000 rw-p 00202000 103:02 10671365                  /usr/lib/x86_64-linux-gnu/libc.so.6
7ff9cf605000-7ff9cf612000 rw-p 00000000 00:00 0 
7ff9cf612000-7ff9cf617000 r--s 00000000 103:02 1319630                   /home/atom/.local/share/phpstorm/lib/externalProcess-rt.jar
7ff9cf617000-7ff9cf619000 r--p 00000000 103:02 1321656                   /home/atom/.local/share/phpstorm/jbr/lib/libzip.so
7ff9cf619000-7ff9cf61d000 r-xp 00002000 103:02 1321656                   /home/atom/.local/share/phpstorm/jbr/lib/libzip.so
7ff9cf61d000-7ff9cf61f000 r--p 00006000 103:02 1321656                   /home/atom/.local/share/phpstorm/jbr/lib/libzip.so
7ff9cf61f000-7ff9cf620000 r--p 00007000 103:02 1321656                   /home/atom/.local/share/phpstorm/jbr/lib/libzip.so
7ff9cf620000-7ff9cf626000 rw-p 00000000 00:00 0 
7ff9cf626000-7ff9cf62d000 ---p 00000000 00:00 0 
7ff9cf62d000-7ff9cf63d000 r--p 00000000 103:02 10671371                  /usr/lib/x86_64-linux-gnu/libm.so.6
7ff9cf63d000-7ff9cf6bc000 r-xp 00010000 103:02 10671371                  /usr/lib/x86_64-linux-gnu/libm.so.6
7ff9cf6bc000-7ff9cf714000 r--p 0008f000 103:02 10671371                  /usr/lib/x86_64-linux-gnu/libm.so.6
7ff9cf714000-7ff9cf715000 r--p 000e7000 103:02 10671371                  /usr/lib/x86_64-linux-gnu/libm.so.6
7ff9cf715000-7ff9cf716000 rw-p 000e8000 103:02 10671371                  /usr/lib/x86_64-linux-gnu/libm.so.6
7ff9cf71a000-7ff9cf71c000 r--p 00000000 103:02 1321851                   /home/atom/.local/share/phpstorm/jbr/lib/libinstrument.so
7ff9cf71c000-7ff9cf722000 r-xp 00002000 103:02 1321851                   /home/atom/.local/share/phpstorm/jbr/lib/libinstrument.so
7ff9cf722000-7ff9cf725000 r--p 00008000 103:02 1321851                   /home/atom/.local/share/phpstorm/jbr/lib/libinstrument.so
7ff9cf725000-7ff9cf726000 r--p 0000a000 103:02 1321851                   /home/atom/.local/share/phpstorm/jbr/lib/libinstrument.so
7ff9cf726000-7ff9cf727000 rw-p 0000b000 103:02 1321851                   /home/atom/.local/share/phpstorm/jbr/lib/libinstrument.so
7ff9cf727000-7ff9cf72b000 rw-p 00000000 00:00 0 
7ff9cf72b000-7ff9cf72c000 r--p 00000000 103:02 10671381                  /usr/lib/x86_64-linux-gnu/libpthread.so.0
7ff9cf72c000-7ff9cf72d000 r-xp 00001000 103:02 10671381                  /usr/lib/x86_64-linux-gnu/libpthread.so.0
7ff9cf72d000-7ff9cf72e000 r--p 00002000 103:02 10671381                  /usr/lib/x86_64-linux-gnu/libpthread.so.0
7ff9cf72e000-7ff9cf72f000 r--p 00002000 103:02 10671381                  /usr/lib/x86_64-linux-gnu/libpthread.so.0
7ff9cf72f000-7ff9cf730000 rw-p 00003000 103:02 10671381                  /usr/lib/x86_64-linux-gnu/libpthread.so.0
7ff9cf730000-7ff9cf731000 r--p 00000000 103:02 10671383                  /usr/lib/x86_64-linux-gnu/librt.so.1
7ff9cf731000-7ff9cf732000 r-xp 00001000 103:02 10671383                  /usr/lib/x86_64-linux-gnu/librt.so.1
7ff9cf732000-7ff9cf733000 r--p 00002000 103:02 10671383                  /usr/lib/x86_64-linux-gnu/librt.so.1
7ff9cf733000-7ff9cf734000 r--p 00002000 103:02 10671383                  /usr/lib/x86_64-linux-gnu/librt.so.1
7ff9cf734000-7ff9cf735000 rw-p 00003000 103:02 10671383                  /usr/lib/x86_64-linux-gnu/librt.so.1
7ff9cf735000-7ff9cf739000 r--p 00000000 103:02 10620679                  /usr/lib/x86_64-linux-gnu/libgcc_s.so.1
7ff9cf739000-7ff9cf75d000 r-xp 00004000 103:02 10620679                  /usr/lib/x86_64-linux-gnu/libgcc_s.so.1
7ff9cf75d000-7ff9cf761000 r--p 00028000 103:02 10620679                  /usr/lib/x86_64-linux-gnu/libgcc_s.so.1
7ff9cf761000-7ff9cf762000 r--p 0002b000 103:02 10620679                  /usr/lib/x86_64-linux-gnu/libgcc_s.so.1
7ff9cf762000-7ff9cf763000 rw-p 0002c000 103:02 10620679                  /usr/lib/x86_64-linux-gnu/libgcc_s.so.1
7ff9cf763000-7ff9cf764000 r--p 00000000 103:02 10671369                  /usr/lib/x86_64-linux-gnu/libdl.so.2
7ff9cf764000-7ff9cf765000 r-xp 00001000 103:02 10671369                  /usr/lib/x86_64-linux-gnu/libdl.so.2
7ff9cf765000-7ff9cf766000 r--p 00002000 103:02 10671369                  /usr/lib/x86_64-linux-gnu/libdl.so.2
7ff9cf766000-7ff9cf767000 r--p 00002000 103:02 10671369                  /usr/lib/x86_64-linux-gnu/libdl.so.2
7ff9cf767000-7ff9cf768000 rw-p 00003000 103:02 10671369                  /usr/lib/x86_64-linux-gnu/libdl.so.2
7ff9cf768000-7ff9cf770000 rw-s 00000000 103:02 1572944                   /tmp/hsperfdata_atom/6118 (deleted)
7ff9cf770000-7ff9cf771000 ---p 00000000 00:00 0 
7ff9cf771000-7ff9cf772000 r--p 00000000 00:00 0 
7ff9cf772000-7ff9cf773000 ---p 00000000 00:00 0 
7ff9cf773000-7ff9cf774000 ---p 00000000 00:00 0 
7ff9cf774000-7ff9cf776000 rw-p 00000000 00:00 0 
7ff9cf776000-7ff9cf777000 ---p 00000000 00:00 0 
7ff9cf777000-7ff9cf779000 rw-p 00000000 00:00 0 
7ff9cf779000-7ff9cf77b000 rw-p 00000000 00:00 0 
7ff9cf77b000-7ff9cf77f000 r--p 00000000 00:00 0                          [vvar]
7ff9cf77f000-7ff9cf781000 r-xp 00000000 00:00 0                          [vdso]
7ff9cf781000-7ff9cf782000 r--p 00000000 103:02 10671359                  /usr/lib/x86_64-linux-gnu/ld-linux-x86-64.so.2
7ff9cf782000-7ff9cf7ad000 r-xp 00001000 103:02 10671359                  /usr/lib/x86_64-linux-gnu/ld-linux-x86-64.so.2
7ff9cf7ad000-7ff9cf7b7000 r--p 0002c000 103:02 10671359                  /usr/lib/x86_64-linux-gnu/ld-linux-x86-64.so.2
7ff9cf7b7000-7ff9cf7b9000 r--p 00036000 103:02 10671359                  /usr/lib/x86_64-linux-gnu/ld-linux-x86-64.so.2
7ff9cf7b9000-7ff9cf7bb000 rw-p 00038000 103:02 10671359                  /usr/lib/x86_64-linux-gnu/ld-linux-x86-64.so.2
7ffe4de80000-7ffe4dea2000 rw-p 00000000 00:00 0                          [stack]
ffffffffff600000-ffffffffff601000 --xp 00000000 00:00 0                  [vsyscall]
Total number of mappings: 238


VM Arguments:
jvm_args: abort vfprintf -XX:ErrorFile=/home/atom/java_error_in_phpstorm_%p.log -XX:HeapDumpPath=/home/atom/java_error_in_phpstorm.hprof -Xms128m -Xmx2048m -XX:+HeapDumpOnOutOfMemoryError -XX:-OmitStackTraceInFastThrow -XX:+IgnoreUnrecognizedVMOptions -ea -Dsun.io.useCanonCaches=false -Dsun.java2d.metal=true -Djbr.catch.SIGABRT=true -Djdk.http.auth.tunneling.disabledSchemes="" -Djdk.attach.allowAttachSelf=true -Djdk.module.illegalAccess.silent=true -Dkotlinx.coroutines.debug=off -XX:CICompilerCount=2 -XX:ReservedCodeCacheSize=512m -XX:+UnlockDiagnosticVMOptions -XX:TieredOldPercentage=100000 -Dsun.tools.attach.tmp.only=true -Dawt.lock.fair=true -javaagent:/home/atom/.local/share/ja-netfilter/ja-netfilter.jar=jetbrains --add-opens=java.base/jdk.internal.org.objectweb.asm=ALL-UNNAMED --add-opens=java.base/jdk.internal.org.objectweb.asm.tree=ALL-UNNAMED -Xms128m -Xmx1024m -XX:ReservedCodeCacheSize=512m -XX:+IgnoreUnrecognizedVMOptions -XX:+UseG1GC -XX:SoftRefLRUPolicyMSPerMB=50 -XX:CICompilerCount=2 -XX:+HeapDumpOnOutOfMemoryError -XX:-OmitStackTraceInFastThrow -ea -Dsun.io.useCanonCaches=false -Djdk.http.auth.tunneling.disabledSchemes="" -Djdk.attach.allowAttachSelf=true -Djdk.module.illegalAccess.silent=true -Dkotlinx.coroutines.debug=off -XX:ErrorFile=$USER_HOME/java_error_in_idea_%p.log -XX:HeapDumpPath=$USER_HOME/java_error_in_idea.hprof --add-opens=java.base/jdk.internal.org.objectweb.asm=ALL-UNNAMED --add-opens=java.base/jdk.internal.org.objectweb.asm.tree=ALL-UNNAMED -javaagent:/home/atom/.local/share/ja-netfilter/ja-netfilter.jar=jetbrains -Djb.vmOptionsFile=/home/atom/.local/share/ja-netfilter/vmoptions/phpstorm.vmoptions -Djava.system.class.loader=com.intellij.util.lang.PathClassLoader -Didea.vendor.name=JetBrains -Didea.paths.selector=PhpStorm2024.2 -Djna.boot.library.path=/home/atom/.local/share/phpstorm/lib/jna/amd64 -Dpty4j.preferred.native.folder=/home/atom/.local/share/phpstorm/lib/pty4j -Djna.nosys=true -Djna.noclasspath=true -Dintellij.platform.runtime.repository.path=/home/atom/.local/share/phpstorm/modules/module-descriptors.jar -Didea.platform.prefix=PhpStorm -Dide.show.tips.on.startup.default.value=true -Dsplash=true -Daether.connector.resumeDownloads=false --add-opens=java.base/java.io=ALL-UNNAMED --add-opens=java.base/java.lang=ALL-UNNAMED --add-opens=java.base/java.lang.ref=ALL-UNNAMED --add-opens=java.base/java.lang.reflect=ALL-UNNAMED --add-opens=java.base/java.net=ALL-UNNAMED --add-opens=java.base/java.nio=ALL-UNNAMED --add-opens=java.base/java.nio.charset=ALL-UNNAMED --add-opens=java.base/java.text=ALL-UNNAMED --add-opens=java.base/java.time=ALL-UNNAMED --add-opens=java.base/java.util=ALL-UNNAMED --add-opens=java.base/java.util.concurrent=ALL-UNNAMED --add-opens=java.base/java.util.concurrent.atomic=ALL-UNNAMED --add-opens=java.base/java.util.concurrent.locks=ALL-UNNAMED --add-opens=java.base/jdk.internal.vm=ALL-UNNAMED --add-opens=java.base/sun.net.dns=ALL-UNNAMED --add-opens=java.base/sun.nio.ch=ALL-UNNAMED --add-opens=java.base/sun.nio.fs=ALL-UNNAMED --add-opens=java.base/sun.security.ssl=ALL-UNNAMED --add-opens=java.base/sun.security.util=ALL-UNNAMED --add-opens=java.desktop/com.sun.java.swing=ALL-UNNAMED --add-opens=java.desktop/com.sun.java.swing.plaf.gtk=ALL-UNNAMED --add-opens=java.desktop/java.awt=ALL-UNNAMED --add-opens=java.desktop/java.awt.dnd.peer=ALL-UNNAMED --add-opens=java.desktop/java.awt.event=ALL-UNNAMED --add-opens=java.desktop/java.awt.font=ALL-UNNAMED --add-opens=java.desktop/java.awt.image=ALL-UNNAMED --add-opens=java.desktop/java.awt.peer=ALL-UNNAMED --add-opens=java.desktop/javax.swing=ALL-UNNAMED --add-opens=java.desktop/javax.swing.plaf.basic=ALL-UNNAMED --add-opens=java.desktop/javax.swing.text=ALL-UNNAMED --add-opens=java.desktop/javax.swing.text.html=ALL-UNNAMED --add-opens=java.desktop/sun.awt=ALL-UNNAMED --add-opens=java.desktop/sun.awt.X11=ALL-UNNAMED --add-opens=java.desktop/sun.awt.datatransfer=ALL-UNNAMED --add-opens=java.desktop/sun.awt.image=ALL-UNNAMED --add-opens=java.desktop/sun.font=ALL-UNNAMED --add-opens=java.desktop/sun.java2d=ALL-UNNAMED --add-opens=java.desktop/sun.swing=ALL-UNNAMED --add-opens=java.management/sun.management=ALL-UNNAMED --add-opens=jdk.attach/sun.tools.attach=ALL-UNNAMED --add-opens=jdk.compiler/com.sun.tools.javac.api=ALL-UNNAMED --add-opens=jdk.internal.jvmstat/sun.jvmstat.monitor=ALL-UNNAMED --add-opens=jdk.jdi/com.sun.tools.jdi=ALL-UNNAMED -Dide.native.launcher=true 
java_command: com.intellij.idea.Main .
java_class_path (initial): /home/atom/.local/share/phpstorm/lib/platform-loader.jar:/home/atom/.local/share/phpstorm/lib/util-8.jar:/home/atom/.local/share/phpstorm/lib/util.jar:/home/atom/.local/share/phpstorm/lib/app-client.jar:/home/atom/.local/share/phpstorm/lib/util_rt.jar:/home/atom/.local/share/phpstorm/lib/product.jar:/home/atom/.local/share/phpstorm/lib/opentelemetry.jar:/home/atom/.local/share/phpstorm/lib/app.jar:/home/atom/.local/share/phpstorm/lib/product-client.jar:/home/atom/.local/share/phpstorm/lib/lib-client.jar:/home/atom/.local/share/phpstorm/lib/stats.jar:/home/atom/.local/share/phpstorm/lib/jps-model.jar:/home/atom/.local/share/phpstorm/lib/external-system-rt.jar:/home/atom/.local/share/phpstorm/lib/rd.jar:/home/atom/.local/share/phpstorm/lib/bouncy-castle.jar:/home/atom/.local/share/phpstorm/lib/protobuf.jar:/home/atom/.local/share/phpstorm/lib/forms_rt.jar:/home/atom/.local/share/phpstorm/lib/lib.jar:/home/atom/.local/share/phpstorm/lib/externalProcess-rt.jar:/home/atom/.local/share/phpstorm/lib/groovy.jar:/home/atom/.local/share/phpstorm/lib/annotations.jar:/home/atom/.local/share/phpstorm/lib/jsch-agent.jar:/home/atom/.local/share/phpstorm/lib/junit4.jar:/home/atom/.local/share/phpstorm/lib/nio-fs.jar:/home/atom/.local/share/phpstorm/lib/trove.jar
Launcher Type: generic

[Global flags]
     intx CICompilerCount                          = 2                                         {product} {command line}
     uint ConcGCThreads                            = 2                                         {product} {ergonomic}
    ccstr ErrorFile                                = $USER_HOME/java_error_in_idea_%p.log            {product} {command line}
     uint G1ConcRefinementThreads                  = 6                                         {product} {ergonomic}
   size_t G1HeapRegionSize                         = 1048576                                   {product} {ergonomic}
    uintx GCDrainStackTargetSize                   = 64                                        {product} {ergonomic}
     bool HeapDumpOnOutOfMemoryError               = true                                   {manageable} {command line}
    ccstr HeapDumpPath                             = $USER_HOME/java_error_in_idea.hprof         {manageable} {command line}
     bool IgnoreUnrecognizedVMOptions              = true                                      {product} {command line}
   size_t InitialHeapSize                          = 134217728                                 {product} {command line}
   size_t MarkStackSize                            = 4194304                                   {product} {ergonomic}
   size_t MaxHeapSize                              = 1073741824                                {product} {command line}
   size_t MaxNewSize                               = 643825664                                 {product} {ergonomic}
   size_t MinHeapDeltaBytes                        = 1048576                                   {product} {ergonomic}
   size_t MinHeapSize                              = 134217728                                 {product} {command line}
    uintx NonNMethodCodeHeapSize                   = 5826188                                {pd product} {ergonomic}
    uintx NonProfiledCodeHeapSize                  = 265522362                              {pd product} {ergonomic}
     bool OmitStackTraceInFastThrow                = false                                     {product} {command line}
    uintx ProfiledCodeHeapSize                     = 265522362                              {pd product} {ergonomic}
    uintx ReservedCodeCacheSize                    = 536870912                              {pd product} {command line}
     bool SegmentedCodeCache                       = true                                      {product} {ergonomic}
   size_t SoftMaxHeapSize                          = 1073741824                             {manageable} {ergonomic}
     intx SoftRefLRUPolicyMSPerMB                  = 50                                        {product} {command line}
     bool THPStackMitigation                       = false                                  {diagnostic} {ergonomic}
     intx TieredOldPercentage                      = 100000                                 {diagnostic} {command line}
     bool UnlockDiagnosticVMOptions                = true                                   {diagnostic} {command line}
     bool UseCompressedOops                        = true                           {product lp64_product} {ergonomic}
     bool UseG1GC                                  = true                                      {product} {command line}

Logging:
Log output configuration:
 #0: stdout all=warning uptime,level,tags foldmultilines=false
 #1: stderr all=off uptime,level,tags foldmultilines=false

Environment Variables:
PATH=/usr/local/sbin:/usr/local/bin:/usr/sbin:/usr/bin:/sbin:/bin:/usr/games:/usr/local/games:/snap/bin:/snap/bin:/home/atom/.local/share/phpstorm/bin/phpstorm:/home/atom/.local/share/kotlin-native-prebuilt-linux-x86_64-2.1.20/bin:/home/atom/.local/share/jdk-21.0.6+7/bin:/home/atom/.local/bin:/home/atom/.local/share/phpstorm/bin:/home/atom/.local/share/kotlin-native-prebuilt-linux-x86_64-2.1.20/bin:/home/atom/.local/share/jdk-21.0.6+7/bin:/home/atom/.local/bin
USERNAME=atom
SHELL=/usr/bin/zsh
DISPLAY=:0
LANG=en_US.UTF-8
TERM=xterm-256color

Active Locale:
LC_ALL=en_US.UTF-8
LC_COLLATE=en_US.UTF-8
LC_CTYPE=en_US.UTF-8
LC_MESSAGES=en_US.UTF-8
LC_MONETARY=en_US.UTF-8
LC_NUMERIC=en_US.UTF-8
LC_TIME=en_US.UTF-8

Signal Handlers:
   SIGSEGV: crash_handler in libjvm.so, mask=11100100010111111101111111111110, flags=SA_RESTART|SA_SIGINFO, unblocked
    SIGBUS: crash_handler in libjvm.so, mask=11100100010111111101111111111110, flags=SA_RESTART|SA_SIGINFO, unblocked
    SIGFPE: crash_handler in libjvm.so, mask=11100100010111111101111111111110, flags=SA_RESTART|SA_SIGINFO, unblocked
   SIGPIPE: javaSignalHandler in libjvm.so, mask=11100100010111111101111111111110, flags=SA_RESTART|SA_SIGINFO, blocked
   SIGXFSZ: javaSignalHandler in libjvm.so, mask=11100100010111111101111111111110, flags=SA_RESTART|SA_SIGINFO, blocked
    SIGILL: crash_handler in libjvm.so, mask=11100100010111111101111111111110, flags=SA_RESTART|SA_SIGINFO, unblocked
   SIGUSR2: SR_handler in libjvm.so, mask=00000000000000000000000000000000, flags=SA_RESTART|SA_SIGINFO, blocked
    SIGHUP: UserHandler in libjvm.so, mask=11100100010111111101111111111110, flags=SA_RESTART|SA_SIGINFO, blocked
    SIGINT: UserHandler in libjvm.so, mask=11100100010111111101111111111110, flags=SA_RESTART|SA_SIGINFO, blocked
   SIGTERM: UserHandler in libjvm.so, mask=11100100010111111101111111111110, flags=SA_RESTART|SA_SIGINFO, blocked
   SIGQUIT: UserHandler in libjvm.so, mask=11100100010111111101111111111110, flags=SA_RESTART|SA_SIGINFO, blocked
   SIGTRAP: crash_handler in libjvm.so, mask=11100100010111111101111111111110, flags=SA_RESTART|SA_SIGINFO, unblocked


Periodic native trim disabled

JNI global refs:
JNI global refs: 15, weak refs: 0

JNI global refs memory usage: 859, weak refs: 857

Process memory usage:
Resident Set Size: 118148K (0% of 16152244K total physical memory with 11347224K free physical memory)

OOME stack traces (most recent first):
Classloader memory used:
Loader bootstrap                                                                       : 13233K
Loader com.intellij.util.lang.PathClassLoader                                          : 442K
Loader jdk.internal.loader.ClassLoaders$AppClassLoader                                 : 319K

Classes loaded by more than one classloader:
Class yyds.sniarbtej.ˎე                                                            : loaded 2 times (x 73B)
Class yyds.sniarbtej.ˑĴ                                                             : loaded 2 times (x 70B)
Class yyds.sniarbtej.ـﮐ                                                            : loaded 2 times (x 71B)
Class yyds.sniarbtej.ʿῙ                                                            : loaded 2 times (x 71B)
Class [Lyyds.sniarbtej.ｨ;                                                           : loaded 2 times (x 67B)
Class yyds.sniarbtej.ｨ                                                              : loaded 2 times (x 78B)
Class yyds.sniarbtej.ᐨẏ$ᐝт                                                     : loaded 2 times (x 69B)
Class yyds.sniarbtej.ǐ                                                               : loaded 2 times (x 72B)
Class yyds.sniarbtej.ˈর                                                            : loaded 2 times (x 71B)
Class yyds.sniarbtej.ـﾗ                                                            : loaded 2 times (x 68B)
Class yyds.sniarbtej.ᐨυ                                                            : loaded 2 times (x 71B)
Class yyds.sniarbtej.ʻᓻ                                                            : loaded 2 times (x 81B)
Class yyds.sniarbtej.ʼᔦ                                                            : loaded 2 times (x 73B)
Class yyds.sniarbtej.ˈᒋ                                                            : loaded 2 times (x 81B)
Class yyds.sniarbtej.ﾞｽ                                                           : loaded 2 times (x 69B)
Class yyds.sniarbtej.Ӵ                                                               : loaded 2 times (x 72B)
Class yyds.sniarbtej.ᐨᘧ                                                           : loaded 2 times (x 71B)
Class yyds.sniarbtej.ʼᔮ                                                            : loaded 2 times (x 72B)
Class yyds.sniarbtej.ιᓛ                                                           : loaded 2 times (x 73B)
Class yyds.sniarbtej.יڈ                                                             : loaded 2 times (x 71B)
Class yyds.sniarbtej.ᐨه                                                            : loaded 2 times (x 71B)
Class yyds.sniarbtej.יﺜ                                                            : loaded 2 times (x 78B)
Class yyds.sniarbtej.ᐝｪ                                                           : loaded 2 times (x 78B)
Class yyds.sniarbtej.יﾉ                                                            : loaded 2 times (x 73B)
Class yyds.sniarbtej.ιʲ                                                            : loaded 2 times (x 72B)
Class yyds.sniarbtej.ˈट                                                            : loaded 2 times (x 72B)
Class yyds.sniarbtej.ʹר                                                             : loaded 2 times (x 71B)
Class yyds.sniarbtej.ˑЇ                                                             : loaded 2 times (x 72B)
Class [Lyyds.sniarbtej.ﾞɫ;                                                         : loaded 2 times (x 67B)
Class yyds.sniarbtej.ˉϜ                                                             : loaded 2 times (x 72B)
Class yyds.sniarbtej.ᐝṝ                                                           : loaded 2 times (x 71B)
Class yyds.sniarbtej.ʱ                                                               : loaded 2 times (x 71B)
Class yyds.sniarbtej.ﾞɫ                                                            : loaded 2 times (x 81B)
Class yyds.sniarbtej.ˌ々                                                            : loaded 2 times (x 68B)
Class yyds.sniarbtej.ˊɻ                                                             : loaded 2 times (x 71B)
Class yyds.sniarbtej.ˈﺬ                                                            : loaded 2 times (x 72B)
Class yyds.sniarbtej.ᐧｴ                                                           : loaded 2 times (x 83B)
Class yyds.sniarbtej.ʻᘥ                                                            : loaded 2 times (x 71B)
Class yyds.sniarbtej.ˏｔ                                                            : loaded 2 times (x 71B)
Class yyds.sniarbtej.ˍʶ                                                             : loaded 2 times (x 70B)
Class yyds.sniarbtej.ﹳս                                                            : loaded 2 times (x 71B)
Class yyds.sniarbtej.ˏן                                                             : loaded 2 times (x 71B)
Class yyds.sniarbtej.ʾﮣ                                                            : loaded 2 times (x 81B)
Class yyds.sniarbtej.ˑﮊ                                                            : loaded 2 times (x 68B)
Class yyds.sniarbtej.ˉﻤ                                                            : loaded 2 times (x 71B)
Class yyds.sniarbtej.ٴᒶ                                                            : loaded 2 times (x 71B)
Class yyds.sniarbtej.ʹΐ                                                            : loaded 2 times (x 73B)
Class yyds.sniarbtej.ˈᕻ                                                            : loaded 2 times (x 69B)
Class [Lyyds.sniarbtej.ˌэ;                                                          : loaded 2 times (x 67B)
Class yyds.sniarbtej.ˍぃ                                                            : loaded 2 times (x 81B)
Class yyds.sniarbtej.ٴゞ                                                            : loaded 2 times (x 72B)
Class yyds.sniarbtej.ˏﾁ                                                            : loaded 2 times (x 73B)
Class yyds.sniarbtej.ٴᒻ                                                            : loaded 2 times (x 81B)
Class yyds.sniarbtej.ﾞˋ                                                            : loaded 2 times (x 71B)
Class yyds.sniarbtej.ˌэ                                                             : loaded 2 times (x 68B)
Class yyds.sniarbtej.ᐝᵣ$ﾞﾇ                                                    : loaded 2 times (x 69B)
Class yyds.sniarbtej.ʻบ                                                            : loaded 2 times (x 72B)
Class yyds.sniarbtej.ـІ                                                             : loaded 2 times (x 71B)
Class yyds.sniarbtej.ί                                                              : loaded 2 times (x 71B)
Class yyds.sniarbtej.ˎᔽ                                                            : loaded 2 times (x 71B)
Class yyds.sniarbtej.ˑє                                                             : loaded 2 times (x 73B)
Class ylt.pmn.zubdqvgt                                                                : loaded 2 times (x 69B)
Class yyds.sniarbtej.ᐧϟ                                                            : loaded 2 times (x 74B)
Class yyds.sniarbtej.ˋᔫ                                                            : loaded 2 times (x 72B)
Class yyds.sniarbtej.丨                                                              : loaded 2 times (x 71B)
Class yyds.sniarbtej.ˈᐩ                                                            : loaded 2 times (x 71B)
Class yyds.sniarbtej.ᴵﾜ                                                           : loaded 2 times (x 71B)
Class yyds.sniarbtej.ˍɫ$יς                                                        : loaded 2 times (x 69B)
Class yyds.sniarbtej.ʹﭴ                                                            : loaded 2 times (x 72B)
Class yyds.sniarbtej.ٴۉ                                                             : loaded 2 times (x 71B)
Class yyds.sniarbtej.ﹳﹲ                                                           : loaded 2 times (x 69B)
Class yyds.sniarbtej.ῐ                                                              : loaded 2 times (x 71B)
Class ylt.pmn.dklvsifl                                                                : loaded 2 times (x 73B)
Class yyds.sniarbtej.ǀ                                                               : loaded 2 times (x 73B)
Class yyds.sniarbtej.ᐧᖿ                                                           : loaded 2 times (x 73B)
Class yyds.sniarbtej.ˊť                                                             : loaded 2 times (x 71B)
Class yyds.sniarbtej.ﾞﺣ                                                           : loaded 2 times (x 73B)
Class yyds.sniarbtej.ـﾌ                                                            : loaded 2 times (x 71B)
Class yyds.sniarbtej.ˏȓ$ᴵЃ                                                       : loaded 2 times (x 69B)
Class yyds.sniarbtej.ˉʴ                                                             : loaded 2 times (x 71B)

---------------  S Y S T E M  ---------------

OS:
DISTRIB_ID=Ubuntu
DISTRIB_RELEASE=24.04
DISTRIB_CODENAME=noble
DISTRIB_DESCRIPTION="Ubuntu 24.04.2 LTS"
uname: Linux 6.11.0-21-generic #21~24.04.1-Ubuntu SMP PREEMPT_DYNAMIC Mon Feb 24 16:52:15 UTC 2 x86_64
OS uptime: 0 days 0:16 hours
libc: glibc 2.39 NPTL 2.39 
rlimit (soft/hard): STACK 8192k/infinity , CORE 0k/infinity , NPROC 62486/62486 , NOFILE 1048576/1048576 , AS infinity/infinity , CPU infinity/infinity , DATA infinity/infinity , FSIZE infinity/infinity , MEMLOCK 2019028k/2019028k
load average: 5.02 1.72 0.82

/proc/meminfo:
MemTotal:       16152244 kB
MemFree:         4312284 kB
MemAvailable:   11347224 kB
Buffers:          164208 kB
Cached:          7692324 kB
SwapCached:        26944 kB
Active:          4327400 kB
Inactive:        6181072 kB
Active(anon):    2244312 kB
Inactive(anon):  1147976 kB
Active(file):    2083088 kB
Inactive(file):  5033096 kB
Unevictable:      412000 kB
Mlocked:              48 kB
SwapTotal:      15625212 kB
SwapFree:       15375868 kB
Zswap:                 0 kB
Zswapped:              0 kB
Dirty:             40108 kB
Writeback:             0 kB
AnonPages:       3049292 kB
Mapped:           858540 kB
Shmem:            740348 kB
KReclaimable:     258500 kB
Slab:             508640 kB
SReclaimable:     258500 kB
SUnreclaim:       250140 kB
KernelStack:       20012 kB
PageTables:        58028 kB
SecPageTables:      3332 kB
NFS_Unstable:          0 kB
Bounce:                0 kB
WritebackTmp:          0 kB
CommitLimit:    23701332 kB
Committed_AS:   27140944 kB
VmallocTotal:   34359738367 kB
VmallocUsed:       51336 kB
VmallocChunk:          0 kB
Percpu:             6784 kB
HardwareCorrupted:     0 kB
AnonHugePages:         0 kB
ShmemHugePages:   460800 kB
ShmemPmdMapped:        0 kB
FileHugePages:         0 kB
FilePmdMapped:         0 kB
Unaccepted:            0 kB
HugePages_Total:       0
HugePages_Free:        0
HugePages_Rsvd:        0
HugePages_Surp:        0
Hugepagesize:       2048 kB
Hugetlb:               0 kB
DirectMap4k:      245424 kB
DirectMap2M:     4771840 kB
DirectMap1G:    12582912 kB

/sys/kernel/mm/transparent_hugepage/enabled: always [madvise] never
/sys/kernel/mm/transparent_hugepage/hpage_pmd_size: 2097152
/sys/kernel/mm/transparent_hugepage/defrag (defrag/compaction efforts parameter): always defer defer+madvise [madvise] never

Process Memory:
Virtual Size: 3483736K (peak: 3483736K)
Resident Set Size: 118148K (peak: 118148K) (anon: 81876K, file: 36272K, shmem: 0K)
Swapped out: 0K
C-Heap outstanding allocations: 43057K, retained: 1714K
glibc malloc tunables: (default)

/proc/sys/kernel/threads-max (system-wide limit on the number of threads): 124973
/proc/sys/vm/max_map_count (maximum number of memory map areas a process may have): 1048576
/proc/sys/kernel/pid_max (system-wide limit on number of process identifiers): 4194304

container (cgroup) information:
container_type: cgroupv2
cpu_cpuset_cpus: not supported
cpu_memory_nodes: not supported
active_processor_count: 6
cpu_quota: not supported
cpu_period: not supported
cpu_shares: not supported
memory_limit_in_bytes: unlimited
memory_and_swap_limit_in_bytes: unlimited
memory_soft_limit_in_bytes: unlimited
memory_usage_in_bytes: 110664 k
memory_max_usage_in_bytes: not supported
memory_swap_current_in_bytes: unlimited
memory_swap_max_limit_in_bytes: unlimited
maximum number of tasks: 18745
current number of tasks: 24

Steal ticks since vm start: 0
Steal ticks percentage since vm start:  0.000

CPU: total 6 (initial active 6) (6 cores per cpu, 1 threads per core) family 6 model 158 stepping 10 microcode 0xfa, cx8, cmov, fxsr, mmx, 3dnowpref, sse, sse2, sse3, ssse3, sse4.1, sse4.2, popcnt, lzcnt, tsc, tscinvbit, avx, avx2, aes, erms, clmul, bmi1, bmi2, adx, fma, vzeroupper, clflush, clflushopt, rdtscp, f16c
CPU Model and flags from /proc/cpuinfo:
model name	: Intel(R) Core(TM) i5-8500 CPU @ 3.00GHz
flags		: fpu vme de pse tsc msr pae mce cx8 apic sep mtrr pge mca cmov pat pse36 clflush dts acpi mmx fxsr sse sse2 ss ht tm pbe syscall nx pdpe1gb rdtscp lm constant_tsc art arch_perfmon pebs bts rep_good nopl xtopology nonstop_tsc cpuid aperfmperf pni pclmulqdq dtes64 monitor ds_cpl vmx smx est tm2 ssse3 sdbg fma cx16 xtpr pdcm pcid sse4_1 sse4_2 x2apic movbe popcnt tsc_deadline_timer aes xsave avx f16c rdrand lahf_lm abm 3dnowprefetch cpuid_fault epb pti ssbd ibrs ibpb stibp tpr_shadow flexpriority ept vpid ept_ad fsgsbase tsc_adjust bmi1 avx2 smep bmi2 erms invpcid mpx rdseed adx smap clflushopt intel_pt xsaveopt xsavec xgetbv1 xsaves dtherm ida arat pln pts hwp hwp_notify hwp_act_window hwp_epp vnmi md_clear flush_l1d arch_capabilities

Online cpus: 0-5
Offline cpus: 
BIOS frequency limitation: <Not Available>
Frequency switch latency (ns): 0
Available cpu frequencies: <Not Available>
Current governor: powersave
Core performance/turbo boost: <Not Available>

Memory: 4k page, physical 16152244k(11347224k free), swap 15625212k(15375868k free)
Page Sizes: 4k

vm_info: OpenJDK 64-Bit Server VM (21.0.3+13-b509.4) for linux-amd64 JRE (21.0.3+13-b509.4), built on 2024-06-26 by "builduser" with gcc 10.2.1 20210130 (Red Hat 10.2.1-11)

END.
